recall,precision
1.000000000000000000e+00,5.657978385251112297e-01
1.000000000000000000e+00,5.661577608142494000e-01
1.000000000000000000e+00,5.665181413112666542e-01
1.000000000000000000e+00,5.668789808917197304e-01
1.000000000000000000e+00,5.672402804333970261e-01
1.000000000000000000e+00,5.676020408163264808e-01
1.000000000000000000e+00,5.679642629227823480e-01
1.000000000000000000e+00,5.683269476372924123e-01
1.000000000000000000e+00,5.686900958466453160e-01
1.000000000000000000e+00,5.690537084398976653e-01
1.000000000000000000e+00,5.694177863083813573e-01
1.000000000000000000e+00,5.697823303457105748e-01
1.000000000000000000e+00,5.701473414477898904e-01
1.000000000000000000e+00,5.705128205128204844e-01
1.000000000000000000e+00,5.708787684413085817e-01
1.000000000000000000e+00,5.712451861360718919e-01
1.000000000000000000e+00,5.716120745022479355e-01
1.000000000000000000e+00,5.719794344473008163e-01
1.000000000000000000e+00,5.723472668810289932e-01
1.000000000000000000e+00,5.727155727155727183e-01
1.000000000000000000e+00,5.730843528654218089e-01
1.000000000000000000e+00,5.734536082474226415e-01
1.000000000000000000e+00,5.738233397807865899e-01
1.000000000000000000e+00,5.741935483870967971e-01
1.000000000000000000e+00,5.745642349903162804e-01
1.000000000000000000e+00,5.749354005167958137e-01
1.000000000000000000e+00,5.753070458952811439e-01
1.000000000000000000e+00,5.756791720569210957e-01
1.000000000000000000e+00,5.760517799352751211e-01
1.000000000000000000e+00,5.764248704663212930e-01
1.000000000000000000e+00,5.767984445884640765e-01
1.000000000000000000e+00,5.771725032425421009e-01
1.000000000000000000e+00,5.775470473718364861e-01
1.000000000000000000e+00,5.779220779220779480e-01
1.000000000000000000e+00,5.782975958414554585e-01
1.000000000000000000e+00,5.786736020806242387e-01
1.000000000000000000e+00,5.790500975927130867e-01
1.000000000000000000e+00,5.794270833333333703e-01
1.000000000000000000e+00,5.798045602605863547e-01
1.000000000000000000e+00,5.801825293350717505e-01
1.000000000000000000e+00,5.805609915198955973e-01
1.000000000000000000e+00,5.809399477806788115e-01
1.000000000000000000e+00,5.813193990855649584e-01
1.000000000000000000e+00,5.816993464052288010e-01
1.000000000000000000e+00,5.820797907128842930e-01
1.000000000000000000e+00,5.824607329842932391e-01
1.000000000000000000e+00,5.828421741977733994e-01
1.000000000000000000e+00,5.832241153342070383e-01
1.000000000000000000e+00,5.836065573770491399e-01
1.000000000000000000e+00,5.839895013123359568e-01
1.000000000000000000e+00,5.843729481286933369e-01
1.000000000000000000e+00,5.847568988173456050e-01
1.000000000000000000e+00,5.851413543721235566e-01
1.000000000000000000e+00,5.855263157894736725e-01
1.000000000000000000e+00,5.859117840684661127e-01
1.000000000000000000e+00,5.862977602108037090e-01
1.000000000000000000e+00,5.866842452208306247e-01
1.000000000000000000e+00,5.870712401055409035e-01
1.000000000000000000e+00,5.874587458745874624e-01
1.000000000000000000e+00,5.878467635402906399e-01
1.000000000000000000e+00,5.882352941176470784e-01
1.000000000000000000e+00,5.886243386243386055e-01
1.000000000000000000e+00,5.890138980807412272e-01
1.000000000000000000e+00,5.894039735099337873e-01
1.000000000000000000e+00,5.897945659377070715e-01
1.000000000000000000e+00,5.901856763925729110e-01
1.000000000000000000e+00,5.905773059057730645e-01
1.000000000000000000e+00,5.909694555112882108e-01
1.000000000000000000e+00,5.913621262458471639e-01
1.000000000000000000e+00,5.917553191489361986e-01
1.000000000000000000e+00,5.921490352628077103e-01
1.000000000000000000e+00,5.925432756324899852e-01
1.000000000000000000e+00,5.929380413057960819e-01
1.000000000000000000e+00,5.933333333333333792e-01
1.000000000000000000e+00,5.937291527685123471e-01
1.000000000000000000e+00,5.941255006675567607e-01
1.000000000000000000e+00,5.945223780895123600e-01
1.000000000000000000e+00,5.949197860962567308e-01
1.000000000000000000e+00,5.953177257525084087e-01
1.000000000000000000e+00,5.957161981258366490e-01
1.000000000000000000e+00,5.961152042866710854e-01
1.000000000000000000e+00,5.965147453083109452e-01
1.000000000000000000e+00,5.969148222669349302e-01
1.000000000000000000e+00,5.973154362416107643e-01
1.000000000000000000e+00,5.977165883143048530e-01
1.000000000000000000e+00,5.981182795698924970e-01
1.000000000000000000e+00,5.985205110961667740e-01
1.000000000000000000e+00,5.989232839838493083e-01
9.988764044943819753e-01,5.986531986531986593e-01
9.977528089887640617e-01,5.983827493261455466e-01
9.977528089887640617e-01,5.987862440997977487e-01
9.977528089887640617e-01,5.991902834008097090e-01
9.977528089887640617e-01,5.995948683322079864e-01
9.977528089887640617e-01,5.999999999999999778e-01
9.977528089887640617e-01,6.004056795131845758e-01
9.977528089887640617e-01,6.008119079837618282e-01
9.977528089887640617e-01,6.012186865267433733e-01
9.966292134831460370e-01,6.009485094850948173e-01
9.966292134831460370e-01,6.013559322033897869e-01
9.966292134831460370e-01,6.017639077340569687e-01
9.966292134831460370e-01,6.021724372029870764e-01
9.966292134831460370e-01,6.025815217391304879e-01
9.966292134831460370e-01,6.029911624745071252e-01
9.966292134831460370e-01,6.034013605442176686e-01
9.966292134831460370e-01,6.038121170864533260e-01
9.966292134831460370e-01,6.042234332425068244e-01
9.966292134831460370e-01,6.046353101567825128e-01
9.955056179775281233e-01,6.043656207366985278e-01
9.955056179775281233e-01,6.047781569965869908e-01
9.955056179775281233e-01,6.051912568306010431e-01
9.943820224719100986e-01,6.049213943950786376e-01
9.943820224719100986e-01,6.053351573187414347e-01
9.943820224719100986e-01,6.057494866529774535e-01
9.943820224719100986e-01,6.061643835616438158e-01
9.943820224719100986e-01,6.065798492117888685e-01
9.943820224719100986e-01,6.069958847736625085e-01
9.932584269662921850e-01,6.067261496225120343e-01
9.932584269662921850e-01,6.071428571428570953e-01
9.921348314606741603e-01,6.068728522336769293e-01
9.921348314606741603e-01,6.072902338376890974e-01
9.921348314606741603e-01,6.077081899518238517e-01
9.921348314606741603e-01,6.081267217630853539e-01
9.921348314606741603e-01,6.085458304617504810e-01
9.921348314606741603e-01,6.089655172413792616e-01
9.921348314606741603e-01,6.093857832988267553e-01
9.921348314606741603e-01,6.098066298342541547e-01
9.921348314606741603e-01,6.102280580511403318e-01
9.921348314606741603e-01,6.106500691562932737e-01
9.921348314606741603e-01,6.110726643598616281e-01
9.921348314606741603e-01,6.114958448753462505e-01
9.921348314606741603e-01,6.119196119196119721e-01
9.921348314606741603e-01,6.123439667128987018e-01
9.921348314606741603e-01,6.127689104788341945e-01
9.921348314606741603e-01,6.131944444444444864e-01
9.921348314606741603e-01,6.136205698401667741e-01
9.921348314606741603e-01,6.140472878998609607e-01
9.921348314606741603e-01,6.144745998608212023e-01
9.921348314606741603e-01,6.149025069637883423e-01
9.921348314606741603e-01,6.153310104529616797e-01
9.921348314606741603e-01,6.157601115760111821e-01
9.921348314606741603e-01,6.161898115840893642e-01
9.921348314606741603e-01,6.166201117318436120e-01
9.921348314606741603e-01,6.170510132774283951e-01
9.921348314606741603e-01,6.174825174825174789e-01
9.921348314606741603e-01,6.179146256123163594e-01
9.921348314606741603e-01,6.183473389355742533e-01
9.921348314606741603e-01,6.187806587245970880e-01
9.921348314606741603e-01,6.192145862552594915e-01
9.921348314606741603e-01,6.196491228070175605e-01
9.921348314606741603e-01,6.200842696629212947e-01
9.921348314606741603e-01,6.205200281096275861e-01
9.921348314606741603e-01,6.209563994374120988e-01
9.921348314606741603e-01,6.213933849401829246e-01
9.921348314606741603e-01,6.218309859154929065e-01
9.921348314606741603e-01,6.222692036645525171e-01
9.921348314606741603e-01,6.227080394922426265e-01
9.921348314606741603e-01,6.231474947071277137e-01
9.921348314606741603e-01,6.235875706214689673e-01
9.921348314606741603e-01,6.240282685512367200e-01
9.921348314606741603e-01,6.244695898161244374e-01
9.921348314606741603e-01,6.249115357395612635e-01
9.921348314606741603e-01,6.253541076487252326e-01
9.921348314606741603e-01,6.257973068745570355e-01
9.921348314606741603e-01,6.262411347517730098e-01
9.921348314606741603e-01,6.266855926188786841e-01
9.921348314606741603e-01,6.271306818181817677e-01
9.921348314606741603e-01,6.275764036958066949e-01
9.921348314606741603e-01,6.280227596017069480e-01
9.921348314606741603e-01,6.284697508896797125e-01
9.921348314606741603e-01,6.289173789173788665e-01
9.921348314606741603e-01,6.293656450463293028e-01
9.921348314606741603e-01,6.298145506419401407e-01
9.921348314606741603e-01,6.302640970735189363e-01
9.921348314606741603e-01,6.307142857142856718e-01
9.921348314606741603e-01,6.311651179413867441e-01
9.921348314606741603e-01,6.316165951359083985e-01
9.921348314606741603e-01,6.320687186828919391e-01
9.921348314606741603e-01,6.325214899713467176e-01
9.921348314606741603e-01,6.329749103942652333e-01
9.921348314606741603e-01,6.334289813486370102e-01
9.921348314606741603e-01,6.338837042354630302e-01
9.921348314606741603e-01,6.343390804597701660e-01
9.921348314606741603e-01,6.347951114306255027e-01
9.921348314606741603e-01,6.352517985611511042e-01
9.921348314606741603e-01,6.357091432685385568e-01
9.921348314606741603e-01,6.361671469740634022e-01
9.921348314606741603e-01,6.366258111031002365e-01
9.921348314606741603e-01,6.370851370851370321e-01
9.921348314606741603e-01,6.375451263537905700e-01
9.921348314606741603e-01,6.380057803468207611e-01
9.921348314606741603e-01,6.384671005061460791e-01
9.921348314606741603e-01,6.389290882778582148e-01
9.921348314606741603e-01,6.393917451122375084e-01
9.921348314606741603e-01,6.398550724637681597e-01
9.921348314606741603e-01,6.403190717911529939e-01
9.921348314606741603e-01,6.407837445573294488e-01
9.921348314606741603e-01,6.412490922294843410e-01
9.921348314606741603e-01,6.417151162790697416e-01
9.921348314606741603e-01,6.421818181818181870e-01
9.921348314606741603e-01,6.426491994177583322e-01
9.921348314606741603e-01,6.431172614712308278e-01
9.921348314606741603e-01,6.435860058309037512e-01
9.921348314606741603e-01,6.440554339897884839e-01
9.921348314606741603e-01,6.445255474452554756e-01
9.921348314606741603e-01,6.449963476990504541e-01
9.921348314606741603e-01,6.454678362573099681e-01
9.921348314606741603e-01,6.459400146305779300e-01
9.921348314606741603e-01,6.464128843338213803e-01
9.921348314606741603e-01,6.468864468864469197e-01
9.921348314606741603e-01,6.473607038123166957e-01
9.921348314606741603e-01,6.478356566397652783e-01
9.921348314606741603e-01,6.483113069016153140e-01
9.921348314606741603e-01,6.487876561351947347e-01
9.921348314606741603e-01,6.492647058823529660e-01
9.921348314606741603e-01,6.497424576894775816e-01
9.921348314606741603e-01,6.502209131075110671e-01
9.921348314606741603e-01,6.507000736919675843e-01
9.921348314606741603e-01,6.511799410029498469e-01
9.921348314606741603e-01,6.516605166051661069e-01
9.921348314606741603e-01,6.521418020679468075e-01
9.921348314606741603e-01,6.526237989652623472e-01
9.921348314606741603e-01,6.531065088757396220e-01
9.921348314606741603e-01,6.535899333826794555e-01
9.921348314606741603e-01,6.540740740740740300e-01
9.921348314606741603e-01,6.545589325426242056e-01
9.921348314606741603e-01,6.550445103857567286e-01
9.921348314606741603e-01,6.555308092056422176e-01
9.921348314606741603e-01,6.560178306092124823e-01
9.921348314606741603e-01,6.565055762081783985e-01
9.921348314606741603e-01,6.569940476190476719e-01
9.921348314606741603e-01,6.574832464631422679e-01
9.921348314606741603e-01,6.579731743666169530e-01
9.921348314606741603e-01,6.584638329604772800e-01
9.921348314606741603e-01,6.589552238805970186e-01
9.921348314606741603e-01,6.594473487677371404e-01
9.921348314606741603e-01,6.599402092675635823e-01
9.921348314606741603e-01,6.604338070306656761e-01
9.921348314606741603e-01,6.609281437125748004e-01
9.921348314606741603e-01,6.614232209737828105e-01
9.921348314606741603e-01,6.619190404797601346e-01
9.921348314606741603e-01,6.624156039009752028e-01
9.921348314606741603e-01,6.629129129129128772e-01
9.921348314606741603e-01,6.634109691960932143e-01
9.921348314606741603e-01,6.639097744360902276e-01
9.921348314606741603e-01,6.644093303235515391e-01
9.921348314606741603e-01,6.649096385542169196e-01
9.921348314606741603e-01,6.654107008289374958e-01
9.921348314606741603e-01,6.659125188536952900e-01
9.921348314606741603e-01,6.664150943396226490e-01
9.921348314606741603e-01,6.669184290030211182e-01
9.921348314606741603e-01,6.674225245653817584e-01
9.921348314606741603e-01,6.679273827534039087e-01
9.921348314606741603e-01,6.684330052990159476e-01
9.921348314606741603e-01,6.689393939393939448e-01
9.921348314606741603e-01,6.694465504169825332e-01
9.921348314606741603e-01,6.699544764795144491e-01
9.921348314606741603e-01,6.704631738800304053e-01
9.921348314606741603e-01,6.709726443768997406e-01
9.921348314606741603e-01,6.714828897338402935e-01
9.921348314606741603e-01,6.719939117199391632e-01
9.921348314606741603e-01,6.725057121096724710e-01
9.921348314606741603e-01,6.730182926829267887e-01
9.910112359550561356e-01,6.727688787185355235e-01
9.910112359550561356e-01,6.732824427480915697e-01
9.910112359550561356e-01,6.737967914438502959e-01
9.910112359550561356e-01,6.743119266055045413e-01
9.910112359550561356e-01,6.748278500382555167e-01
9.910112359550561356e-01,6.753445635528331215e-01
9.910112359550561356e-01,6.758620689655172598e-01
9.910112359550561356e-01,6.763803680981594901e-01
9.910112359550561356e-01,6.768994627782041196e-01
9.910112359550561356e-01,6.774193548387096309e-01
9.910112359550561356e-01,6.779400461183704429e-01
9.898876404494382220e-01,6.776923076923077049e-01
9.887640449438201973e-01,6.774441878367974956e-01
9.887640449438201973e-01,6.779661016949152241e-01
9.876404494382022836e-01,6.777178103315343316e-01
9.876404494382022836e-01,6.782407407407406996e-01
9.876404494382022836e-01,6.787644787644787625e-01
9.876404494382022836e-01,6.792890262751158925e-01
9.876404494382022836e-01,6.798143851508120505e-01
9.876404494382022836e-01,6.803405572755417685e-01
9.876404494382022836e-01,6.808675445391169090e-01
9.876404494382022836e-01,6.813953488372093137e-01
9.876404494382022836e-01,6.819239720713731190e-01
9.876404494382022836e-01,6.824534161490682926e-01
9.876404494382022836e-01,6.829836829836829493e-01
9.876404494382022836e-01,6.835147744945567760e-01
9.876404494382022836e-01,6.840466926070039033e-01
9.876404494382022836e-01,6.845794392523364413e-01
9.876404494382022836e-01,6.851130163678877949e-01
9.876404494382022836e-01,6.856474258970358671e-01
9.865168539325842589e-01,6.854020296643247301e-01
9.865168539325842589e-01,6.859374999999999778e-01
9.865168539325842589e-01,6.864738076622360907e-01
9.865168539325842589e-01,6.870109546165884540e-01
9.865168539325842589e-01,6.875489428347689724e-01
9.865168539325842589e-01,6.880877742946708286e-01
9.865168539325842589e-01,6.886274509803921307e-01
9.865168539325842589e-01,6.891679748822605589e-01
9.865168539325842589e-01,6.897093479968577912e-01
9.865168539325842589e-01,6.902515723270440384e-01
9.853932584269663453e-01,6.900078678206137406e-01
9.842696629213483206e-01,6.897637795275590733e-01
9.842696629213483206e-01,6.903073286052009427e-01
9.842696629213483206e-01,6.908517350157729053e-01
9.831460674157302959e-01,6.906077348066298471e-01
9.831460674157302959e-01,6.911532385466034878e-01
9.831460674157302959e-01,6.916996047430830075e-01
9.831460674157302959e-01,6.922468354430380000e-01
9.831460674157302959e-01,6.927949326999208735e-01
9.831460674157302959e-01,6.933438985736924964e-01
9.831460674157302959e-01,6.938937351308485102e-01
9.831460674157302959e-01,6.944444444444444198e-01
9.831460674157302959e-01,6.949960285941223503e-01
9.831460674157302959e-01,6.955484896661366934e-01
9.820224719101123823e-01,6.953062848050914901e-01
9.808988764044943576e-01,6.950636942675159080e-01
9.808988764044943576e-01,6.956175298804780915e-01
9.808988764044943576e-01,6.961722488038277756e-01
9.808988764044943576e-01,6.967278531524341290e-01
9.808988764044943576e-01,6.972843450479233596e-01
9.797752808988764439e-01,6.970423661071143417e-01
9.797752808988764439e-01,6.975999999999999979e-01
9.786516853932584192e-01,6.973578863090472701e-01
9.786516853932584192e-01,6.979166666666666297e-01
9.786516853932584192e-01,6.984763432237369729e-01
9.786516853932584192e-01,6.990369181380416963e-01
9.786516853932584192e-01,6.995983935742972060e-01
9.786516853932584192e-01,7.001607717041801182e-01
9.786516853932584192e-01,7.007240547063555702e-01
9.786516853932584192e-01,7.012882447665056418e-01
9.786516853932584192e-01,7.018533440773569998e-01
9.775280898876403946e-01,7.016129032258064946e-01
9.764044943820224809e-01,7.013720742534301777e-01
9.764044943820224809e-01,7.019386106623586308e-01
9.764044943820224809e-01,7.025060630557801167e-01
9.764044943820224809e-01,7.030744336569578756e-01
9.764044943820224809e-01,7.036437246963562764e-01
9.764044943820224809e-01,7.042139384116693490e-01
9.764044943820224809e-01,7.047850770478507609e-01
9.764044943820224809e-01,7.053571428571429047e-01
9.764044943820224809e-01,7.059301380991064301e-01
9.764044943820224809e-01,7.065040650406504419e-01
9.764044943820224809e-01,7.070789259560618101e-01
9.764044943820224809e-01,7.076547231270358118e-01
9.764044943820224809e-01,7.082314588427057744e-01
9.764044943820224809e-01,7.088091353996737176e-01
9.752808988764044562e-01,7.085714285714285188e-01
9.752808988764044562e-01,7.091503267973856550e-01
9.741573033707865426e-01,7.089125102207686213e-01
9.730337078651685179e-01,7.086743044189852681e-01
9.730337078651685179e-01,7.092547092547092369e-01
9.730337078651685179e-01,7.098360655737705471e-01
9.730337078651685179e-01,7.104183757178015313e-01
9.719101123595506042e-01,7.101806239737273874e-01
9.719101123595506042e-01,7.107641741988496298e-01
9.719101123595506042e-01,7.113486842105263275e-01
9.719101123595506042e-01,7.119341563786008020e-01
9.719101123595506042e-01,7.125205930807249066e-01
9.719101123595506042e-01,7.131079967023907784e-01
9.707865168539325795e-01,7.128712871287128383e-01
9.707865168539325795e-01,7.134599504541700998e-01
9.707865168539325795e-01,7.140495867768594795e-01
9.707865168539325795e-01,7.146401985111662247e-01
9.707865168539325795e-01,7.152317880794701876e-01
9.707865168539325795e-01,7.158243579121789102e-01
9.696629213483145548e-01,7.155887230514096364e-01
9.685393258426966412e-01,7.153526970954356967e-01
9.685393258426966412e-01,7.159468438538205692e-01
9.685393258426966412e-01,7.165419783873648862e-01
9.674157303370786165e-01,7.163061564059900466e-01
9.674157303370786165e-01,7.169025811823480643e-01
9.662921348314607028e-01,7.166666666666666741e-01
9.662921348314607028e-01,7.172643869891576207e-01
9.651685393258426782e-01,7.170283806343906718e-01
9.651685393258426782e-01,7.176274018379281694e-01
9.651685393258426782e-01,7.182274247491639008e-01
9.640449438202247645e-01,7.179916317991631436e-01
9.640449438202247645e-01,7.185929648241206058e-01
9.640449438202247645e-01,7.191953059513830349e-01
9.640449438202247645e-01,7.197986577181207934e-01
9.640449438202247645e-01,7.204030226700252060e-01
9.640449438202247645e-01,7.210084033613445298e-01
9.640449438202247645e-01,7.216148023549201485e-01
9.640449438202247645e-01,7.222222222222222099e-01
9.629213483146067398e-01,7.219882055602359072e-01
9.617977528089887151e-01,7.217537942664418171e-01
9.606741573033708015e-01,7.215189873417721111e-01
9.606741573033708015e-01,7.221283783783783994e-01
9.595505617977527768e-01,7.218934911242603780e-01
9.595505617977527768e-01,7.225042301184433358e-01
9.595505617977527768e-01,7.231160033869602488e-01
9.584269662921348631e-01,7.228813559322033733e-01
9.584269662921348631e-01,7.234944868532654505e-01
9.584269662921348631e-01,7.241086587436332822e-01
9.573033707865168385e-01,7.238742565845369681e-01
9.561797752808989248e-01,7.236394557823129237e-01
9.561797752808989248e-01,7.242553191489361497e-01
9.561797752808989248e-01,7.248722316865416904e-01
9.550561797752809001e-01,7.246376811594202882e-01
9.550561797752809001e-01,7.252559726962457542e-01
9.550561797752809001e-01,7.258753202391118320e-01
9.539325842696628754e-01,7.256410256410256165e-01
9.539325842696628754e-01,7.262617621899059017e-01
9.528089887640449618e-01,7.260273972602739878e-01
9.528089887640449618e-01,7.266495287060840136e-01
9.528089887640449618e-01,7.272727272727272929e-01
9.516853932584269371e-01,7.270386266094420735e-01
9.505617977528090234e-01,7.268041237113401776e-01
9.505617977528090234e-01,7.274290627687016730e-01
9.505617977528090234e-01,7.280550774526678426e-01
9.505617977528090234e-01,7.286821705426356210e-01
9.505617977528090234e-01,7.293103448275861656e-01
9.494382022471909988e-01,7.290767903364969715e-01
9.494382022471909988e-01,7.297063903281519881e-01
9.483146067415730851e-01,7.294727744165946381e-01
9.483146067415730851e-01,7.301038062283736751e-01
9.471910112359550604e-01,7.298701298701298912e-01
9.471910112359550604e-01,7.305025996533796029e-01
9.471910112359550604e-01,7.311361665221162154e-01
9.460674157303370357e-01,7.309027777777777901e-01
9.449438202247191221e-01,7.306689834926151095e-01
9.449438202247191221e-01,7.313043478260869978e-01
9.449438202247191221e-01,7.319408181026979543e-01
9.438202247191010974e-01,7.317073170731707155e-01
9.438202247191010974e-01,7.323452484742807300e-01
9.426966292134831837e-01,7.321116928446771421e-01
9.426966292134831837e-01,7.327510917030567450e-01
9.426966292134831837e-01,7.333916083916084405e-01
9.415730337078651591e-01,7.331583552055993547e-01
9.404494382022472454e-01,7.329246935201401136e-01
9.404494382022472454e-01,7.335670464504819854e-01
9.404494382022472454e-01,7.342105263157894246e-01
9.393258426966292207e-01,7.339771729587357685e-01
9.393258426966292207e-01,7.346221441124780593e-01
9.393258426966292207e-01,7.352682497801231731e-01
9.393258426966292207e-01,7.359154929577464976e-01
9.393258426966292207e-01,7.365638766519824188e-01
9.382022471910111960e-01,7.363315696649029851e-01
9.382022471910111960e-01,7.369814651368049585e-01
9.382022471910111960e-01,7.376325088339222846e-01
9.382022471910111960e-01,7.382847038019452190e-01
9.370786516853932824e-01,7.380530973451326915e-01
9.359550561797752577e-01,7.378210806023028923e-01
9.359550561797752577e-01,7.384751773049645918e-01
9.348314606741573440e-01,7.382431233362910517e-01
9.337078651685393194e-01,7.380106571936057014e-01
9.325842696629212947e-01,7.377777777777777546e-01
9.325842696629212947e-01,7.384341637010676251e-01
9.325842696629212947e-01,7.390917186108637571e-01
9.325842696629212947e-01,7.397504456327985700e-01
9.314606741573033810e-01,7.395182872435325239e-01
9.314606741573033810e-01,7.401785714285714635e-01
9.303370786516853563e-01,7.399463806970509872e-01
9.303370786516853563e-01,7.406082289803219698e-01
9.292134831460674427e-01,7.403760071620412164e-01
9.280898876404494180e-01,7.401433691756272859e-01
9.280898876404494180e-01,7.408071748878923835e-01
9.269662921348315043e-01,7.405745062836625037e-01
9.258426966292134797e-01,7.403414195867026315e-01
9.258426966292134797e-01,7.410071942446042614e-01
9.258426966292134797e-01,7.416741674167416365e-01
9.258426966292134797e-01,7.423423423423423095e-01
9.258426966292134797e-01,7.430117222723173764e-01
9.247191011235954550e-01,7.427797833935018135e-01
9.247191011235954550e-01,7.434507678410117171e-01
9.235955056179775413e-01,7.432188065099457619e-01
9.235955056179775413e-01,7.438914027149321484e-01
9.224719101123595166e-01,7.436594202898550998e-01
9.224719101123595166e-01,7.443336355394378767e-01
9.213483146067416030e-01,7.441016333938293981e-01
9.213483146067416030e-01,7.447774750227066365e-01
9.213483146067416030e-01,7.454545454545454808e-01
9.202247191011235783e-01,7.452229299363056780e-01
9.191011235955056646e-01,7.449908925318761144e-01
9.191011235955056646e-01,7.456700091157703048e-01
9.191011235955056646e-01,7.463503649635035986e-01
9.191011235955056646e-01,7.470319634703196376e-01
9.179775280898876400e-01,7.468007312614259874e-01
9.179775280898876400e-01,7.474839890210429605e-01
9.179775280898876400e-01,7.481684981684981750e-01
9.168539325842696153e-01,7.479376718606782770e-01
9.168539325842696153e-01,7.486238532110092159e-01
9.157303370786517016e-01,7.483930211202938221e-01
9.146067415730336769e-01,7.481617647058823595e-01
9.134831460674157633e-01,7.479300827966881560e-01
9.134831460674157633e-01,7.486187845303867716e-01
9.134831460674157633e-01,7.493087557603687054e-01
9.134831460674157633e-01,7.500000000000000000e-01
9.134831460674157633e-01,7.506925207756233176e-01
9.134831460674157633e-01,7.513863216266173373e-01
9.123595505617977386e-01,7.511563367252543921e-01
9.112359550561798249e-01,7.509259259259258856e-01
9.101123595505618002e-01,7.506950880444855922e-01
9.089887640449437756e-01,7.504638218923933568e-01
9.089887640449437756e-01,7.511606313834725546e-01
9.078651685393258619e-01,7.509293680297397522e-01
9.078651685393258619e-01,7.516279069767441978e-01
9.078651685393258619e-01,7.523277467411545461e-01
9.078651685393258619e-01,7.530288909599254232e-01
9.067415730337078372e-01,7.527985074626866169e-01
9.067415730337078372e-01,7.535014005602240772e-01
9.067415730337078372e-01,7.542056074766355644e-01
9.056179775280899236e-01,7.539756782039288563e-01
9.044943820224718989e-01,7.537453183520599342e-01
9.044943820224718989e-01,7.544517338331770961e-01
9.033707865168539852e-01,7.542213883677297837e-01
9.022471910112359605e-01,7.539906103286384553e-01
9.022471910112359605e-01,7.546992481203007586e-01
9.011235955056179359e-01,7.544684854186265444e-01
9.000000000000000222e-01,7.542372881355932090e-01
9.000000000000000222e-01,7.549481621112158480e-01
9.000000000000000222e-01,7.556603773584905648e-01
9.000000000000000222e-01,7.563739376770538536e-01
9.000000000000000222e-01,7.570888468809073846e-01
8.988764044943819975e-01,7.568590350047303961e-01
8.977528089887640839e-01,7.566287878787878451e-01
8.977528089887640839e-01,7.573459715639810907e-01
8.966292134831460592e-01,7.571157495256166658e-01
8.966292134831460592e-01,7.578347578347578439e-01
8.966292134831460592e-01,7.585551330798478986e-01
8.955056179775280345e-01,7.583254043767839736e-01
8.955056179775280345e-01,7.590476190476190821e-01
8.955056179775280345e-01,7.597712106768350626e-01
8.943820224719101208e-01,7.595419847328244156e-01
8.932584269662920962e-01,7.593123209169054810e-01
8.932584269662920962e-01,7.600382409177820486e-01
8.921348314606741825e-01,7.598086124401913777e-01
8.921348314606741825e-01,7.605363984674329281e-01
8.910112359550561578e-01,7.603068072866731031e-01
8.910112359550561578e-01,7.610364683301343858e-01
8.910112359550561578e-01,7.617675312199807536e-01
8.898876404494382442e-01,7.615384615384614975e-01
8.898876404494382442e-01,7.622714148219441599e-01
8.887640449438202195e-01,7.620423892100193219e-01
8.876404494382021948e-01,7.618129218900675514e-01
8.876404494382021948e-01,7.625482625482625787e-01
8.876404494382021948e-01,7.632850241545893200e-01
8.876404494382021948e-01,7.640232108317214221e-01
8.876404494382021948e-01,7.647628267182962070e-01
8.876404494382021948e-01,7.655038759689922756e-01
8.876404494382021948e-01,7.662463627546072242e-01
8.876404494382021948e-01,7.669902912621359148e-01
8.876404494382021948e-01,7.677356656948494118e-01
8.876404494382021948e-01,7.684824902723735862e-01
8.876404494382021948e-01,7.692307692307692735e-01
8.876404494382021948e-01,7.699805068226120985e-01
8.865168539325842811e-01,7.697560975609756273e-01
8.853932584269662565e-01,7.695312500000000000e-01
8.842696629213483428e-01,7.693059628543499340e-01
8.831460674157303181e-01,7.690802348336595040e-01
8.831460674157303181e-01,7.698334965719882961e-01
8.831460674157303181e-01,7.705882352941176849e-01
8.831460674157303181e-01,7.713444553483808086e-01
8.831460674157303181e-01,7.721021611001964713e-01
8.820224719101124045e-01,7.718780727630285554e-01
8.820224719101124045e-01,7.726377952755905110e-01
8.820224719101124045e-01,7.733990147783251778e-01
8.820224719101124045e-01,7.741617357001971955e-01
8.820224719101124045e-01,7.749259624876604358e-01
8.808988764044943798e-01,7.747035573122529328e-01
8.797752808988763551e-01,7.744807121661720917e-01
8.786516853932584414e-01,7.742574257425742790e-01
8.786516853932584414e-01,7.750247770069376152e-01
8.775280898876404168e-01,7.748015873015873245e-01
8.764044943820225031e-01,7.745779543197616190e-01
8.752808988764044784e-01,7.743538767395625744e-01
8.741573033707865648e-01,7.741293532338308081e-01
8.741573033707865648e-01,7.749003984063744799e-01
8.730337078651685401e-01,7.746759720837487206e-01
8.730337078651685401e-01,7.754491017964071364e-01
8.730337078651685401e-01,7.762237762237762517e-01
8.730337078651685401e-01,7.770000000000000240e-01
8.719101123595505154e-01,7.767767767767768117e-01
8.719101123595505154e-01,7.775551102204408815e-01
8.707865168539326017e-01,7.773319959879638752e-01
8.696629213483145771e-01,7.771084337349397630e-01
8.685393258426966634e-01,7.768844221105527525e-01
8.674157303370786387e-01,7.766599597585512882e-01
8.674157303370786387e-01,7.774420946626384721e-01
8.674157303370786387e-01,7.782258064516128782e-01
8.674157303370786387e-01,7.790110998990917857e-01
8.674157303370786387e-01,7.797979797979798233e-01
8.662921348314607251e-01,7.795753286147624195e-01
8.662921348314607251e-01,7.803643724696356365e-01
8.662921348314607251e-01,7.811550151975683587e-01
8.651685393258427004e-01,7.809330628803244911e-01
8.651685393258427004e-01,7.817258883248731083e-01
8.651685393258427004e-01,7.825203252032519874e-01
8.651685393258427004e-01,7.833163784333672108e-01
8.640449438202246757e-01,7.830957230142566727e-01
8.629213483146067620e-01,7.828746177370030646e-01
8.629213483146067620e-01,7.836734693877550617e-01
8.617977528089887373e-01,7.834525025536261955e-01
8.606741573033708237e-01,7.832310838445807333e-01
8.595505617977527990e-01,7.830092118730808126e-01
8.595505617977527990e-01,7.838114754098360892e-01
8.584269662921348854e-01,7.835897435897435370e-01
8.584269662921348854e-01,7.843942505133469911e-01
8.584269662921348854e-01,7.852004110996916308e-01
8.584269662921348854e-01,7.860082304526748720e-01
8.573033707865168607e-01,7.857878475798145690e-01
8.573033707865168607e-01,7.865979381443298779e-01
8.573033707865168607e-01,7.874097007223942457e-01
8.561797752808988360e-01,7.871900826446280863e-01
8.561797752808988360e-01,7.880041365046536184e-01
8.550561797752809223e-01,7.877846790890269402e-01
8.539325842696628976e-01,7.875647668393782608e-01
8.539325842696628976e-01,7.883817427385891863e-01
8.539325842696628976e-01,7.892004153686397183e-01
8.528089887640449840e-01,7.889812889812889418e-01
8.528089887640449840e-01,7.898022892819979157e-01
8.516853932584269593e-01,7.895833333333333037e-01
8.505617977528089346e-01,7.893639207507820998e-01
8.505617977528089346e-01,7.901878914405010557e-01
8.494382022471910210e-01,7.899686520376175691e-01
8.494382022471910210e-01,7.907949790794979172e-01
8.494382022471910210e-01,7.916230366492146286e-01
8.483146067415729963e-01,7.914046121593291128e-01
8.471910112359550826e-01,7.911857292759706395e-01
8.471910112359550826e-01,7.920168067226890374e-01
8.460674157303370579e-01,7.917981072555204669e-01
8.460674157303370579e-01,7.926315789473684648e-01
8.449438202247191443e-01,7.924130663856691070e-01
8.438202247191011196e-01,7.921940928270042592e-01
8.438202247191011196e-01,7.930306230200633300e-01
8.438202247191011196e-01,7.938689217758985173e-01
8.426966292134830949e-01,7.936507936507936067e-01
8.426966292134830949e-01,7.944915254237288060e-01
8.415730337078651813e-01,7.942735949098621573e-01
8.415730337078651813e-01,7.951167728237792387e-01
8.415730337078651813e-01,7.959617428267800054e-01
8.404494382022471566e-01,7.957446808510638681e-01
8.393258426966292429e-01,7.955271565495207753e-01
8.382022471910112182e-01,7.953091684434967501e-01
8.382022471910112182e-01,7.961579509071504690e-01
8.382022471910112182e-01,7.970085470085470636e-01
8.370786516853933046e-01,7.967914438502673447e-01
8.359550561797752799e-01,7.965738758029978772e-01
8.359550561797752799e-01,7.974276527331189968e-01
8.359550561797752799e-01,7.982832618025751392e-01
8.348314606741572552e-01,7.980665950590762892e-01
8.337078651685393416e-01,7.978494623655913998e-01
8.325842696629213169e-01,7.976318622174380923e-01
8.314606741573034032e-01,7.974137931034482873e-01
8.303370786516853785e-01,7.971952535059331213e-01
8.292134831460674649e-01,7.969762419006479748e-01
8.280898876404494402e-01,7.967567567567567233e-01
8.269662921348314155e-01,7.965367965367965430e-01
8.269662921348314155e-01,7.973997833152762782e-01
8.269662921348314155e-01,7.982646420824295319e-01
8.258426966292135019e-01,7.980456026058632135e-01
8.247191011235954772e-01,7.978260869565216851e-01
8.235955056179775635e-01,7.976060935799782481e-01
8.224719101123595388e-01,7.973856209150327334e-01
8.213483146067416252e-01,7.971646673936749750e-01
8.202247191011236005e-01,7.969432314410480611e-01
8.191011235955055758e-01,7.967213114754098102e-01
8.179775280898876622e-01,7.964989059080962441e-01
8.179775280898876622e-01,7.973713033953997442e-01
8.168539325842696375e-01,7.971491228070175517e-01
8.168539325842696375e-01,7.980241492864983410e-01
8.157303370786517238e-01,7.978021978021978544e-01
8.146067415730336991e-01,7.975797579757976097e-01
8.134831460674157855e-01,7.973568281938325786e-01
8.123595505617977608e-01,7.971334068357222025e-01
8.123595505617977608e-01,7.980132450331125504e-01
8.112359550561797361e-01,7.977900552486187902e-01
8.101123595505618225e-01,7.975663716814159754e-01
8.101123595505618225e-01,7.984496124031007502e-01
8.101123595505618225e-01,7.993348115299334644e-01
8.089887640449437978e-01,7.991120976692563938e-01
8.089887640449437978e-01,8.000000000000000444e-01
8.078651685393258841e-01,7.997775305895439280e-01
8.067415730337078594e-01,7.995545657015590280e-01
8.056179775280898347e-01,7.993311036789297885e-01
8.056179775280898347e-01,8.002232142857143016e-01
8.056179775280898347e-01,8.011173184357541777e-01
8.044943820224719211e-01,8.008948545861297452e-01
8.044943820224719211e-01,8.017917133258678497e-01
8.044943820224719211e-01,8.026905829596412412e-01
8.033707865168538964e-01,8.024691358024691468e-01
8.033707865168538964e-01,8.033707865168538964e-01
8.033707865168538964e-01,8.042744656917885093e-01
8.033707865168538964e-01,8.051801801801802272e-01
8.033707865168538964e-01,8.060879368658399047e-01
8.022471910112359827e-01,8.058690744920993243e-01
8.011235955056179581e-01,8.056497175141242861e-01
8.000000000000000444e-01,8.054298642533936903e-01
8.000000000000000444e-01,8.063420158550396177e-01
7.988764044943820197e-01,8.061224489795918435e-01
7.977528089887639950e-01,8.059023836549376041e-01
7.977528089887639950e-01,8.068181818181817677e-01
7.977528089887639950e-01,8.077360637087599438e-01
7.966292134831460814e-01,8.075170842824601625e-01
7.966292134831460814e-01,8.084378563283922681e-01
7.966292134831460814e-01,8.093607305936073582e-01
7.955056179775280567e-01,8.091428571428571637e-01
7.943820224719101430e-01,8.089244851258581281e-01
7.943820224719101430e-01,8.098510882016036749e-01
7.943820224719101430e-01,8.107798165137615198e-01
7.943820224719101430e-01,8.117106773823191679e-01
7.932584269662921184e-01,8.114942528735632488e-01
7.932584269662921184e-01,8.124280782508630505e-01
7.921348314606742047e-01,8.122119815668202847e-01
7.910112359550561800e-01,8.119953863898500268e-01
7.898876404494381553e-01,8.117782909930716384e-01
7.887640449438202417e-01,8.115606936416185357e-01
7.876404494382022170e-01,8.113425925925925597e-01
7.865168539325843033e-01,8.111239860950173464e-01
7.853932584269662787e-01,8.109048723897911426e-01
7.842696629213483650e-01,8.106852497096399546e-01
7.831460674157303403e-01,8.104651162790698082e-01
7.820224719101123156e-01,8.102444703143190097e-01
7.808988764044944020e-01,8.100233100233100725e-01
7.808988764044944020e-01,8.109684947491248019e-01
7.808988764044944020e-01,8.119158878504673105e-01
7.808988764044944020e-01,8.128654970760234022e-01
7.797752808988763773e-01,8.126463700234192178e-01
7.797752808988763773e-01,8.135990621336459672e-01
7.786516853932584636e-01,8.133802816901408717e-01
7.786516853932584636e-01,8.143360752056404417e-01
7.786516853932584636e-01,8.152941176470588358e-01
7.786516853932584636e-01,8.162544169611307687e-01
7.775280898876404390e-01,8.160377358490565891e-01
7.775280898876404390e-01,8.170011806375442331e-01
7.764044943820225253e-01,8.167848699763593512e-01
7.752808988764045006e-01,8.165680473372780579e-01
7.741573033707864759e-01,8.163507109004739526e-01
7.730337078651685623e-01,8.161328588374852089e-01
7.730337078651685623e-01,8.171021377672208486e-01
7.719101123595505376e-01,8.168846611177169592e-01
7.707865168539326239e-01,8.166666666666666519e-01
7.696629213483145993e-01,8.164481525625745251e-01
7.696629213483145993e-01,8.174224343675418059e-01
7.685393258426965746e-01,8.172043010752688685e-01
7.674157303370786609e-01,8.169856459330143705e-01
7.662921348314606362e-01,8.167664670658683068e-01
7.651685393258427226e-01,8.165467625899280879e-01
7.640449438202246979e-01,8.163265306122449161e-01
7.629213483146067842e-01,8.161057692307692735e-01
7.629213483146067842e-01,8.170878459687124229e-01
7.617977528089887596e-01,8.168674698795180822e-01
7.606741573033707349e-01,8.166465621230397653e-01
7.606741573033707349e-01,8.176328502415458610e-01
7.606741573033707349e-01,8.186215235792019262e-01
7.595505617977528212e-01,8.184019370460048348e-01
7.595505617977528212e-01,8.193939393939393412e-01
7.595505617977528212e-01,8.203883495145630755e-01
7.595505617977528212e-01,8.213851761846902022e-01
7.584269662921347965e-01,8.211678832116788840e-01
7.584269662921347965e-01,8.221680876979293728e-01
7.584269662921347965e-01,8.231707317073170271e-01
7.584269662921347965e-01,8.241758241758241343e-01
7.584269662921347965e-01,8.251833740831295838e-01
7.584269662921347965e-01,8.261933904528764305e-01
7.584269662921347965e-01,8.272058823529411242e-01
7.584269662921347965e-01,8.282208588957055140e-01
7.573033707865168829e-01,8.280098280098280306e-01
7.573033707865168829e-01,8.290282902829028133e-01
7.573033707865168829e-01,8.300492610837438834e-01
7.561797752808988582e-01,8.298397040690506099e-01
7.550561797752809445e-01,8.296296296296296058e-01
7.550561797752809445e-01,8.306551297898639996e-01
7.539325842696629199e-01,8.304455445544554060e-01
7.539325842696629199e-01,8.314745972738537549e-01
7.528089887640448952e-01,8.312655086848634856e-01
7.528089887640448952e-01,8.322981366459627495e-01
7.516853932584269815e-01,8.320895522388059851e-01
7.505617977528089568e-01,8.318804483188044774e-01
7.494382022471910432e-01,8.316708229426433840e-01
7.494382022471910432e-01,8.327091136079900480e-01
7.483146067415730185e-01,8.325000000000000178e-01
7.471910112359551048e-01,8.322903629536920755e-01
7.460674157303370801e-01,8.320802005012530866e-01
7.460674157303370801e-01,8.331242158092848626e-01
7.449438202247190555e-01,8.329145728643215785e-01
7.449438202247190555e-01,8.339622641509434331e-01
7.449438202247190555e-01,8.350125944584383397e-01
7.438202247191011418e-01,8.348045397225725139e-01
7.438202247191011418e-01,8.358585858585858563e-01
7.426966292134831171e-01,8.356510745891276848e-01
7.415730337078652035e-01,8.354430379746835555e-01
7.415730337078652035e-01,8.365019011406844562e-01
7.404494382022471788e-01,8.362944162436548590e-01
7.393258426966292651e-01,8.360864040660737073e-01
7.382022471910112404e-01,8.358778625954198516e-01
7.370786516853932158e-01,8.356687898089172339e-01
7.359550561797753021e-01,8.354591836734693855e-01
7.359550561797753021e-01,8.365261813537675506e-01
7.359550561797753021e-01,8.375959079283887831e-01
7.359550561797753021e-01,8.386683738796414378e-01
7.348314606741572774e-01,8.384615384615384803e-01
7.348314606741572774e-01,8.395378690629011764e-01
7.337078651685393638e-01,8.393316195372750865e-01
7.325842696629213391e-01,8.391248391248391503e-01
7.314606741573034254e-01,8.389175257731958935e-01
7.303370786516854007e-01,8.387096774193548709e-01
7.303370786516854007e-01,8.397932816537467815e-01
7.292134831460673761e-01,8.395860284605433099e-01
7.280898876404494624e-01,8.393782383419688964e-01
7.269662921348314377e-01,8.391699092088197309e-01
7.269662921348314377e-01,8.402597402597402620e-01
7.258426966292135241e-01,8.400520156046814568e-01
7.247191011235954994e-01,8.398437500000000000e-01
7.235955056179774747e-01,8.396349413298566100e-01
7.224719101123595610e-01,8.394255874673629547e-01
7.213483146067415364e-01,8.392156862745098200e-01
7.213483146067415364e-01,8.403141361256544206e-01
7.213483146067415364e-01,8.414154652686762770e-01
7.202247191011236227e-01,8.412073490813648524e-01
7.191011235955055980e-01,8.409986859395531811e-01
7.179775280898876844e-01,8.407894736842105310e-01
7.168539325842696597e-01,8.405797101449274944e-01
7.168539325842696597e-01,8.416886543535619936e-01
7.157303370786516350e-01,8.414795244385733231e-01
7.157303370786516350e-01,8.425925925925925597e-01
7.146067415730337213e-01,8.423841059602649173e-01
7.134831460674156967e-01,8.421750663129973224e-01
7.123595505617977830e-01,8.419654714475431900e-01
7.112359550561797583e-01,8.417553191489361986e-01
7.112359550561797583e-01,8.428761651131824184e-01
7.101123595505618447e-01,8.426666666666666750e-01
7.089887640449438200e-01,8.424566088117489970e-01
7.078651685393257953e-01,8.422459893048128698e-01
7.067415730337078816e-01,8.420348058902276112e-01
7.067415730337078816e-01,8.431635388739946446e-01
7.056179775280898570e-01,8.429530201342282369e-01
7.044943820224719433e-01,8.427419354838709964e-01
7.033707865168539186e-01,8.425302826379542642e-01
7.022471910112360050e-01,8.423180592991913462e-01
7.022471910112360050e-01,8.434547908232118418e-01
7.011235955056179803e-01,8.432432432432432901e-01
6.999999999999999556e-01,8.430311231393775584e-01
6.999999999999999556e-01,8.441734417344173291e-01
6.988764044943820419e-01,8.439620081411126629e-01
6.988764044943820419e-01,8.451086956521739468e-01
6.977528089887640173e-01,8.448979591836734970e-01
6.977528089887640173e-01,8.460490463215258883e-01
6.977528089887640173e-01,8.472032742155525264e-01
6.966292134831461036e-01,8.469945355191257352e-01
6.955056179775280789e-01,8.467852257181942566e-01
6.943820224719101653e-01,8.465753424657533888e-01
6.943820224719101653e-01,8.477366255144033191e-01
6.932584269662921406e-01,8.475274725274725141e-01
6.932584269662921406e-01,8.486932599724896775e-01
6.921348314606741159e-01,8.484848484848485084e-01
6.910112359550562022e-01,8.482758620689655471e-01
6.898876404494381775e-01,8.480662983425414359e-01
6.887640449438202639e-01,8.478561549100968042e-01
6.876404494382022392e-01,8.476454293628808978e-01
6.865168539325842145e-01,8.474341192787794297e-01
6.853932584269663009e-01,8.472222222222222099e-01
6.842696629213482762e-01,8.470097357440889985e-01
6.831460674157303625e-01,8.467966573816155806e-01
6.831460674157303625e-01,8.479776847977684717e-01
6.820224719101123378e-01,8.477653631284916003e-01
6.808988764044944242e-01,8.475524475524475188e-01
6.797752808988763995e-01,8.473389355742296791e-01
6.786516853932583748e-01,8.471248246844319540e-01
6.786516853932583748e-01,8.483146067415729963e-01
6.775280898876404612e-01,8.481012658227847778e-01
6.764044943820224365e-01,8.478873239436619524e-01
6.752808988764045228e-01,8.476727785613540345e-01
6.752808988764045228e-01,8.488700564971751739e-01
6.741573033707864981e-01,8.486562942008486488e-01
6.730337078651685845e-01,8.484419263456091098e-01
6.719101123595505598e-01,8.482269503546099321e-01
6.707865168539325351e-01,8.480113636363636465e-01
6.696629213483146215e-01,8.477951635846372458e-01
6.685393258426965968e-01,8.475783475783476018e-01
6.674157303370786831e-01,8.473609129814551055e-01
6.674157303370786831e-01,8.485714285714285321e-01
6.662921348314606584e-01,8.483547925608011520e-01
6.662921348314606584e-01,8.495702005730658701e-01
6.651685393258427448e-01,8.493543758967001533e-01
6.640449438202247201e-01,8.491379310344827624e-01
6.640449438202247201e-01,8.503597122302157807e-01
6.629213483146066954e-01,8.501440922190202087e-01
6.617977528089887818e-01,8.499278499278499766e-01
6.606741573033707571e-01,8.497109826589595016e-01
6.606741573033707571e-01,8.509406657018813158e-01
6.606741573033707571e-01,8.521739130434782261e-01
6.606741573033707571e-01,8.534107402031930745e-01
6.595505617977528434e-01,8.531976744186046124e-01
6.584269662921348187e-01,8.529839883551674218e-01
6.584269662921348187e-01,8.542274052478133761e-01
6.573033707865169051e-01,8.540145985401459416e-01
6.561797752808988804e-01,8.538011695906432275e-01
6.550561797752808557e-01,8.535871156661786197e-01
6.539325842696629421e-01,8.533724340175953271e-01
6.539325842696629421e-01,8.546255506607929320e-01
6.539325842696629421e-01,8.558823529411764275e-01
6.539325842696629421e-01,8.571428571428570953e-01
6.528089887640449174e-01,8.569321533923304202e-01
6.516853932584270037e-01,8.567208271787296603e-01
6.516853932584270037e-01,8.579881656804734247e-01
6.516853932584270037e-01,8.592592592592592782e-01
6.505617977528089790e-01,8.590504451038575295e-01
6.494382022471910654e-01,8.588410104011886537e-01
6.483146067415730407e-01,8.586309523809523281e-01
6.483146067415730407e-01,8.599105812220566580e-01
6.483146067415730407e-01,8.611940298507462233e-01
6.471910112359550160e-01,8.609865470852018365e-01
6.471910112359550160e-01,8.622754491017964318e-01
6.460674157303371024e-01,8.620689655172413257e-01
6.449438202247190777e-01,8.618618618618618665e-01
6.438202247191011640e-01,8.616541353383458945e-01
6.438202247191011640e-01,8.629518072289156239e-01
6.426966292134831393e-01,8.627450980392157298e-01
6.415730337078651146e-01,8.625377643504531511e-01
6.415730337078651146e-01,8.638426626323751911e-01
6.404494382022472010e-01,8.636363636363636465e-01
6.404494382022472010e-01,8.649468892261001907e-01
6.393258426966291763e-01,8.647416413373860689e-01
6.393258426966291763e-01,8.660578386605783940e-01
6.382022471910112627e-01,8.658536585365853577e-01
6.370786516853932380e-01,8.656488549618320816e-01
6.359550561797753243e-01,8.654434250764525549e-01
6.348314606741572996e-01,8.652373660030627800e-01
6.348314606741572996e-01,8.665644171779141036e-01
6.337078651685392749e-01,8.663594470046083185e-01
6.325842696629213613e-01,8.661538461538461631e-01
6.314606741573033366e-01,8.659476117103235282e-01
6.303370786516854229e-01,8.657407407407406996e-01
6.303370786516854229e-01,8.670788253477589302e-01
6.303370786516854229e-01,8.684210526315789824e-01
6.292134831460673983e-01,8.682170542635658794e-01
6.292134831460673983e-01,8.695652173913043237e-01
6.280898876404494846e-01,8.693623639191291330e-01
6.269662921348314599e-01,8.691588785046728827e-01
6.258426966292134352e-01,8.689547581903276363e-01
6.247191011235955216e-01,8.687500000000000222e-01
6.235955056179774969e-01,8.685446009389671262e-01
6.235955056179774969e-01,8.699059561128527074e-01
6.224719101123595832e-01,8.697017268445840221e-01
6.213483146067415586e-01,8.694968553459119232e-01
6.202247191011236449e-01,8.692913385826771533e-01
6.191011235955056202e-01,8.690851735015773238e-01
6.179775280898875955e-01,8.688783570300158132e-01
6.168539325842696819e-01,8.686708860759493334e-01
6.157303370786516572e-01,8.684627575277337197e-01
6.146067415730337435e-01,8.682539682539682779e-01
6.134831460674157189e-01,8.680445151033386875e-01
6.134831460674157189e-01,8.694267515923567169e-01
6.123595505617978052e-01,8.692185007974481126e-01
6.123595505617978052e-01,8.706070287539936503e-01
6.112359550561797805e-01,8.703999999999999515e-01
6.101123595505617558e-01,8.701923076923077094e-01
6.089887640449438422e-01,8.699839486356339968e-01
6.089887640449438422e-01,8.713826366559485059e-01
6.078651685393258175e-01,8.711755233494363759e-01
6.067415730337079038e-01,8.709677419354838745e-01
6.056179775280898792e-01,8.707592891760904674e-01
6.044943820224719655e-01,8.705501618122977181e-01
6.044943820224719655e-01,8.719611021069691992e-01
6.033707865168539408e-01,8.717532467532467244e-01
6.022471910112359161e-01,8.715447154471545055e-01
6.022471910112359161e-01,8.729641693811075465e-01
6.011235955056180025e-01,8.727569331158238075e-01
5.999999999999999778e-01,8.725490196078431460e-01
5.988764044943820641e-01,8.723404255319149314e-01
5.977528089887640395e-01,8.721311475409836422e-01
5.977528089887640395e-01,8.735632183908046411e-01
5.977528089887640395e-01,8.750000000000000000e-01
5.966292134831460148e-01,8.747940691927512669e-01
5.966292134831460148e-01,8.762376237623762387e-01
5.955056179775281011e-01,8.760330578512396382e-01
5.943820224719100764e-01,8.758278145695364003e-01
5.932584269662921628e-01,8.756218905472636926e-01
5.932584269662921628e-01,8.770764119601328623e-01
5.921348314606741381e-01,8.768718801996672196e-01
5.910112359550562244e-01,8.766666666666667052e-01
5.898876404494381998e-01,8.764607679465776791e-01
5.887640449438201751e-01,8.762541806020066604e-01
5.876404494382022614e-01,8.760469011725293687e-01
5.876404494382022614e-01,8.775167785234899709e-01
5.876404494382022614e-01,8.789915966386554480e-01
5.876404494382022614e-01,8.804713804713805159e-01
5.865168539325842367e-01,8.802698145025295018e-01
5.853932584269663231e-01,8.800675675675675436e-01
5.842696629213482984e-01,8.798646362098139218e-01
5.831460674157303847e-01,8.796610169491525522e-01
5.820224719101123600e-01,8.794567062818335890e-01
5.808988764044943354e-01,8.792517006802721413e-01
5.797752808988764217e-01,8.790459965928449915e-01
5.786516853932583970e-01,8.788395904436859807e-01
5.786516853932583970e-01,8.803418803418803229e-01
5.775280898876404834e-01,8.801369863013698280e-01
5.764044943820224587e-01,8.799313893653516461e-01
5.752808988764045450e-01,8.797250859106529042e-01
5.741573033707865203e-01,8.795180722891565717e-01
5.741573033707865203e-01,8.810344827586207295e-01
5.730337078651684957e-01,8.808290155440414715e-01
5.719101123595505820e-01,8.806228373702421619e-01
5.707865168539325573e-01,8.804159445407279128e-01
5.696629213483146437e-01,8.802083333333333703e-01
5.685393258426966190e-01,8.800000000000000044e-01
5.674157303370787053e-01,8.797909407665505110e-01
5.662921348314606806e-01,8.795811518324607725e-01
5.662921348314606806e-01,8.811188811188811476e-01
5.651685393258426560e-01,8.809106830122591658e-01
5.640449438202247423e-01,8.807017543859648745e-01
5.640449438202247423e-01,8.822495606326888895e-01
5.629213483146067176e-01,8.820422535211267512e-01
5.617977528089888040e-01,8.818342151675484519e-01
5.606741573033707793e-01,8.816254416961131213e-01
5.595505617977527546e-01,8.814159292035398385e-01
5.584269662921348409e-01,8.812056737588652711e-01
5.573033707865168163e-01,8.809946714031972048e-01
5.561797752808989026e-01,8.807829181494661874e-01
5.550561797752808779e-01,8.805704099821747288e-01
5.539325842696629643e-01,8.803571428571428381e-01
5.539325842696629643e-01,8.819320214669051916e-01
5.539325842696629643e-01,8.835125448028673389e-01
5.528089887640449396e-01,8.833034111310592573e-01
5.528089887640449396e-01,8.848920863309353013e-01
5.516853932584269149e-01,8.846846846846846413e-01
5.516853932584269149e-01,8.862815884476534789e-01
5.505617977528090012e-01,8.860759493670885556e-01
5.494382022471909766e-01,8.858695652173913526e-01
5.483146067415730629e-01,8.856624319419237334e-01
5.471910112359550382e-01,8.854545454545454941e-01
5.460674157303371246e-01,8.852459016393442459e-01
5.449438202247190999e-01,8.850364963503649651e-01
5.438202247191010752e-01,8.848263254113345466e-01
5.426966292134831615e-01,8.846153846153845812e-01
5.415730337078651369e-01,8.844036697247706913e-01
5.404494382022472232e-01,8.841911764705882026e-01
5.393258426966291985e-01,8.839779005524861510e-01
5.393258426966291985e-01,8.856088560885608807e-01
5.382022471910112849e-01,8.853974121996303071e-01
5.370786516853932602e-01,8.851851851851851860e-01
5.359550561797752355e-01,8.849721706864563942e-01
5.348314606741573218e-01,8.847583643122676200e-01
5.348314606741573218e-01,8.864059590316573090e-01
5.348314606741573218e-01,8.880597014925373234e-01
5.337078651685392972e-01,8.878504672897196137e-01
5.325842696629213835e-01,8.876404494382021948e-01
5.314606741573033588e-01,8.874296435272045480e-01
5.303370786516854452e-01,8.872180451127819056e-01
5.292134831460674205e-01,8.870056497175141663e-01
5.280898876404493958e-01,8.867924528301887044e-01
5.280898876404493958e-01,8.884688090737240529e-01
5.269662921348314821e-01,8.882575757575758013e-01
5.258426966292134574e-01,8.880455407969639614e-01
5.258426966292134574e-01,8.897338403041824550e-01
5.247191011235955438e-01,8.895238095238094944e-01
5.235955056179775191e-01,8.893129770992366234e-01
5.224719101123596054e-01,8.891013384321223567e-01
5.224719101123596054e-01,8.908045977011493921e-01
5.213483146067415808e-01,8.905950095969289437e-01
5.202247191011235561e-01,8.903846153846153300e-01
5.191011235955056424e-01,8.901734104046242768e-01
5.191011235955056424e-01,8.918918918918918859e-01
5.179775280898876177e-01,8.916827852998066017e-01
5.168539325842697041e-01,8.914728682170542928e-01
5.157303370786516794e-01,8.912621359223300566e-01
5.157303370786516794e-01,8.929961089494163895e-01
5.146067415730336547e-01,8.927875243664716853e-01
5.134831460674157411e-01,8.925781250000000000e-01
5.123595505617977164e-01,8.923679060665361540e-01
5.112359550561798027e-01,8.921568627450980893e-01
5.101123595505617780e-01,8.919449901768172762e-01
5.089887640449438644e-01,8.917322834645668994e-01
5.089887640449438644e-01,8.934911242603550408e-01
5.078651685393258397e-01,8.932806324110671437e-01
5.067415730337078150e-01,8.930693069306930854e-01
5.056179775280899014e-01,8.928571428571429047e-01
5.056179775280899014e-01,8.946322067594433269e-01
5.044943820224718767e-01,8.944223107569720943e-01
5.033707865168539630e-01,8.942115768463073655e-01
5.022471910112359383e-01,8.940000000000000169e-01
5.011235955056180247e-01,8.937875751503006061e-01
5.000000000000000000e-01,8.935742971887550290e-01
4.988764044943820308e-01,8.933601609657947362e-01
4.977528089887640617e-01,8.931451612903226200e-01
4.966292134831460925e-01,8.929292929292929060e-01
4.955056179775280678e-01,8.927125506072874916e-01
4.943820224719100986e-01,8.924949290060851803e-01
4.932584269662921295e-01,8.922764227642276946e-01
4.921348314606741603e-01,8.920570264765783630e-01
4.910112359550561911e-01,8.918367346938775864e-01
4.898876404494382220e-01,8.916155419222904221e-01
4.898876404494382220e-01,8.934426229508196649e-01
4.887640449438201973e-01,8.932238193018480210e-01
4.876404494382022281e-01,8.930041152263374915e-01
4.865168539325842589e-01,8.927835051546392231e-01
4.853932584269662898e-01,8.925619834710744049e-01
4.842696629213483206e-01,8.923395445134575388e-01
4.831460674157303514e-01,8.921161825726141581e-01
4.831460674157303514e-01,8.939708939708940205e-01
4.820224719101123823e-01,8.937500000000000444e-01
4.808988764044943576e-01,8.935281837160751195e-01
4.797752808988763884e-01,8.933054393305439600e-01
4.786516853932584192e-01,8.930817610062893319e-01
4.775280898876404501e-01,8.928571428571429047e-01
4.764044943820224809e-01,8.926315789473684426e-01
4.752808988764045117e-01,8.924050632911392222e-01
4.741573033707865426e-01,8.921775898520084569e-01
4.741573033707865426e-01,8.940677966101694407e-01
4.730337078651685179e-01,8.938428874734607454e-01
4.719101123595505487e-01,8.936170212765957022e-01
4.707865168539325795e-01,8.933901918976545620e-01
4.696629213483146104e-01,8.931623931623932089e-01
4.685393258426966412e-01,8.929336188436830524e-01
4.685393258426966412e-01,8.948497854077253066e-01
4.674157303370786720e-01,8.946236559139785216e-01
4.662921348314606473e-01,8.943965517241379004e-01
4.651685393258426782e-01,8.941684665226782291e-01
4.640449438202247090e-01,8.939393939393939226e-01
4.629213483146067398e-01,8.937093275488069422e-01
4.629213483146067398e-01,8.956521739130435256e-01
4.617977528089887707e-01,8.954248366013072280e-01
4.606741573033708015e-01,8.951965065502183183e-01
4.595505617977528323e-01,8.949671772428884342e-01
4.595505617977528323e-01,8.969298245614034659e-01
4.584269662921348076e-01,8.967032967032967372e-01
4.584269662921348076e-01,8.986784140969162893e-01
4.573033707865168385e-01,8.984547461368653787e-01
4.561797752808988693e-01,8.982300884955751741e-01
4.550561797752809001e-01,8.980044345898003932e-01
4.539325842696629310e-01,8.977777777777777857e-01
4.528089887640449618e-01,8.975501113585746538e-01
4.516853932584269926e-01,8.973214285714286031e-01
4.505617977528089679e-01,8.970917225950783003e-01
4.494382022471909988e-01,8.968609865470852371e-01
4.483146067415730296e-01,8.966292134831460592e-01
4.471910112359550604e-01,8.963963963963963444e-01
4.471910112359550604e-01,8.984198645598193700e-01
4.471910112359550604e-01,9.004524886877828260e-01
4.460674157303370913e-01,9.002267573696145497e-01
4.449438202247191221e-01,9.000000000000000222e-01
4.438202247191010974e-01,8.997722095671981668e-01
4.426966292134831282e-01,8.995433789954337955e-01
4.415730337078651591e-01,8.993135011441647508e-01
4.404494382022471899e-01,8.990825688073394995e-01
4.393258426966292207e-01,8.988505747126436241e-01
4.382022471910112515e-01,8.986175115207373221e-01
4.370786516853932824e-01,8.983833718244803590e-01
4.359550561797752577e-01,8.981481481481481399e-01
4.348314606741572885e-01,8.979118329466356796e-01
4.337078651685393194e-01,8.976744186046511365e-01
4.325842696629213502e-01,8.974358974358974672e-01
4.314606741573033810e-01,8.971962616822429792e-01
4.303370786516854118e-01,8.969555035128805587e-01
4.292134831460674427e-01,8.967136150234741310e-01
4.280898876404494180e-01,8.964705882352941302e-01
4.280898876404494180e-01,8.985849056603774088e-01
4.269662921348314488e-01,8.983451536643025648e-01
4.258426966292134797e-01,8.981042654028436045e-01
4.247191011235955105e-01,8.978622327790973801e-01
4.247191011235955105e-01,9.000000000000000222e-01
4.247191011235955105e-01,9.021479713603818285e-01
4.235955056179775413e-01,9.019138755980861122e-01
4.224719101123595721e-01,9.016786570743404727e-01
4.213483146067415475e-01,9.014423076923077094e-01
4.202247191011235783e-01,9.012048192771083821e-01
4.191011235955056091e-01,9.009661835748792313e-01
4.179775280898876400e-01,9.007263922518159438e-01
4.168539325842696708e-01,9.004854368932039277e-01
4.157303370786517016e-01,9.002433090024331008e-01
4.146067415730337324e-01,9.000000000000000222e-01
4.134831460674157078e-01,8.997555012224939253e-01
4.123595505617977386e-01,8.995098039215686514e-01
4.112359550561797694e-01,8.992628992628992624e-01
4.101123595505618002e-01,8.990147783251231095e-01
4.089887640449438311e-01,8.987654320987654710e-01
4.089887640449438311e-01,9.009900990099010132e-01
4.078651685393258619e-01,9.007444168734490830e-01
4.067415730337078927e-01,9.004975124378109541e-01
4.056179775280898681e-01,9.002493765586034868e-01
4.044943820224718989e-01,9.000000000000000222e-01
4.033707865168539297e-01,8.997493734335839655e-01
4.022471910112359605e-01,8.994974874371859386e-01
4.011235955056179914e-01,8.992443324937027249e-01
4.000000000000000222e-01,8.989898989898990056e-01
4.000000000000000222e-01,9.012658227848101555e-01
3.988764044943819975e-01,9.010152284263959199e-01
3.988764044943819975e-01,9.033078880407124922e-01
3.977528089887640284e-01,9.030612244897958663e-01
3.966292134831460592e-01,9.028132992327365658e-01
3.955056179775280900e-01,9.025641025641025772e-01
3.955056179775280900e-01,9.048843187660667864e-01
3.943820224719101208e-01,9.046391752577319645e-01
3.943820224719101208e-01,9.069767441860464574e-01
3.932584269662921517e-01,9.067357512953367893e-01
3.932584269662921517e-01,9.090909090909090606e-01
3.921348314606741825e-01,9.088541666666666297e-01
3.910112359550561578e-01,9.086161879895561233e-01
3.898876404494381887e-01,9.083769633507853269e-01
3.887640449438202195e-01,9.081364829396325611e-01
3.876404494382022503e-01,9.078947368421053099e-01
3.865168539325842811e-01,9.076517150395778666e-01
3.853932584269663120e-01,9.074074074074074403e-01
3.842696629213482873e-01,9.071618037135278367e-01
3.831460674157303181e-01,9.069148936170212671e-01
3.820224719101123489e-01,9.066666666666666208e-01
3.808988764044943798e-01,9.064171122994651997e-01
3.797752808988764106e-01,9.061662198391421397e-01
3.786516853932584414e-01,9.059139784946236285e-01
3.775280898876404723e-01,9.056603773584905870e-01
3.764044943820224476e-01,9.054054054054053724e-01
3.764044943820224476e-01,9.078590785907859617e-01
3.752808988764044784e-01,9.076086956521739468e-01
3.741573033707865092e-01,9.073569482288827981e-01
3.730337078651685401e-01,9.071038251366120297e-01
3.719101123595505709e-01,9.068493150684932003e-01
3.707865168539326017e-01,9.065934065934065922e-01
3.696629213483146326e-01,9.063360881542700254e-01
3.685393258426966079e-01,9.060773480662983603e-01
3.674157303370786387e-01,9.058171745152354681e-01
3.662921348314606695e-01,9.055555555555555580e-01
3.651685393258427004e-01,9.052924791086350842e-01
3.640449438202247312e-01,9.050279329608938994e-01
3.629213483146067620e-01,9.047619047619047672e-01
3.629213483146067620e-01,9.073033707865169051e-01
3.617977528089887373e-01,9.070422535211267734e-01
3.606741573033707682e-01,9.067796610169491789e-01
3.606741573033707682e-01,9.093484419263455631e-01
3.595505617977527990e-01,9.090909090909090606e-01
3.595505617977527990e-01,9.116809116809116986e-01
3.595505617977527990e-01,9.142857142857142572e-01
3.584269662921348298e-01,9.140401146131804655e-01
3.573033707865168607e-01,9.137931034482759118e-01
3.561797752808988915e-01,9.135446685878962914e-01
3.561797752808988915e-01,9.161849710982659101e-01
3.550561797752809223e-01,9.159420289855072506e-01
3.539325842696628976e-01,9.156976744186046124e-01
3.539325842696628976e-01,9.183673469387755306e-01
3.528089887640449285e-01,9.181286549707602385e-01
3.528089887640449285e-01,9.208211143695014256e-01
3.516853932584269593e-01,9.205882352941175961e-01
3.516853932584269593e-01,9.233038348082596158e-01
3.505617977528089901e-01,9.230769230769231282e-01
3.494382022471910210e-01,9.228486646884273004e-01
3.483146067415730518e-01,9.226190476190476719e-01
3.471910112359550826e-01,9.223880597014925131e-01
3.471910112359550826e-01,9.251497005988024158e-01
3.460674157303370579e-01,9.249249249249249516e-01
3.449438202247190888e-01,9.246987951807228434e-01
3.438202247191011196e-01,9.244712990936555519e-01
3.438202247191011196e-01,9.272727272727272485e-01
3.426966292134831504e-01,9.270516717325227862e-01
3.426966292134831504e-01,9.298780487804878536e-01
3.426966292134831504e-01,9.327217125382263330e-01
3.426966292134831504e-01,9.355828220858896094e-01
3.415730337078651813e-01,9.353846153846153699e-01
3.404494382022472121e-01,9.351851851851852304e-01
3.393258426966291874e-01,9.349845201238390358e-01
3.382022471910112182e-01,9.347826086956522174e-01
3.370786516853932491e-01,9.345794392523364413e-01
3.359550561797752799e-01,9.343749999999999556e-01
3.348314606741573107e-01,9.341692789968651933e-01
3.337078651685393416e-01,9.339622641509434109e-01
3.325842696629213724e-01,9.337539432176655829e-01
3.314606741573033477e-01,9.335443037974683334e-01
3.303370786516853785e-01,9.333333333333333481e-01
3.292134831460674094e-01,9.331210191082802696e-01
3.292134831460674094e-01,9.361022364217251868e-01
3.280898876404494402e-01,9.358974358974359031e-01
3.269662921348314710e-01,9.356913183279742530e-01
3.258426966292135019e-01,9.354838709677418818e-01
3.247191011235955327e-01,9.352750809061488591e-01
3.235955056179775080e-01,9.350649350649350433e-01
3.224719101123595388e-01,9.348534201954397105e-01
3.213483146067415697e-01,9.346405228758170036e-01
3.202247191011236005e-01,9.344262295081967595e-01
3.191011235955056313e-01,9.342105263157894912e-01
3.179775280898876622e-01,9.339933993399339718e-01
3.179775280898876622e-01,9.370860927152317998e-01
3.179775280898876622e-01,9.401993355481728099e-01
3.168539325842696375e-01,9.399999999999999467e-01
3.157303370786516683e-01,9.397993311036789699e-01
3.157303370786516683e-01,9.429530201342282147e-01
3.146067415730336991e-01,9.427609427609427994e-01
3.134831460674157300e-01,9.425675675675675436e-01
3.123595505617977608e-01,9.423728813559322237e-01
3.123595505617977608e-01,9.455782312925170574e-01
3.112359550561797916e-01,9.453924914675767566e-01
3.101123595505618225e-01,9.452054794520547976e-01
3.089887640449437978e-01,9.450171821305841657e-01
3.078651685393258286e-01,9.448275862068965525e-01
3.078651685393258286e-01,9.480968858131487709e-01
3.067415730337078594e-01,9.479166666666666297e-01
3.067415730337078594e-01,9.512195121951219079e-01
3.056179775280898903e-01,9.510489510489510412e-01
3.044943820224719211e-01,9.508771929824560987e-01
3.033707865168539519e-01,9.507042253521126307e-01
3.022471910112359827e-01,9.505300353356890275e-01
3.011235955056179581e-01,9.503546099290780536e-01
2.999999999999999889e-01,9.501779359430605476e-01
2.988764044943820197e-01,9.499999999999999556e-01
2.977528089887640506e-01,9.498207885304659204e-01
2.966292134831460814e-01,9.496402877697841527e-01
2.955056179775281122e-01,9.494584837545125833e-01
2.943820224719100875e-01,9.492753623188405765e-01
2.932584269662921184e-01,9.490909090909090962e-01
2.932584269662921184e-01,9.525547445255474477e-01
2.921348314606741492e-01,9.523809523809523281e-01
2.910112359550561800e-01,9.522058823529411242e-01
2.898876404494382109e-01,9.520295202952029356e-01
2.887640449438202417e-01,9.518518518518518379e-01
2.887640449438202417e-01,9.553903345724906737e-01
2.876404494382022725e-01,9.552238805970149071e-01
2.865168539325842478e-01,9.550561797752809001e-01
2.853932584269662787e-01,9.548872180451127845e-01
2.853932584269662787e-01,9.584905660377358583e-01
2.842696629213483095e-01,9.583333333333333703e-01
2.831460674157303403e-01,9.581749049429657550e-01
2.820224719101123712e-01,9.580152671755725047e-01
2.808988764044944020e-01,9.578544061302681767e-01
2.797752808988763773e-01,9.576923076923077316e-01
2.786516853932584081e-01,9.575289575289575028e-01
2.775280898876404390e-01,9.573643410852713531e-01
2.764044943820224698e-01,9.571984435797665780e-01
2.764044943820224698e-01,9.609375000000000000e-01
2.752808988764045006e-01,9.607843137254902244e-01
2.741573033707865314e-01,9.606299212598424786e-01
2.730337078651685623e-01,9.604743083003952631e-01
2.719101123595505376e-01,9.603174603174603474e-01
2.707865168539325684e-01,9.601593625498008322e-01
2.696629213483145993e-01,9.599999999999999645e-01
2.685393258426966301e-01,9.598393574297188202e-01
2.674157303370786609e-01,9.596774193548387455e-01
2.662921348314606917e-01,9.595141700404857810e-01
2.651685393258427226e-01,9.593495934959349603e-01
2.640449438202246979e-01,9.591836734693877098e-01
2.629213483146067287e-01,9.590163934426229053e-01
2.617977528089887596e-01,9.588477366255143686e-01
2.606741573033707904e-01,9.586776859504132497e-01
2.595505617977528212e-01,9.585062240663900779e-01
2.584269662921348520e-01,9.583333333333333703e-01
2.573033707865168274e-01,9.581589958158995834e-01
2.561797752808988582e-01,9.579831932773109626e-01
2.550561797752808890e-01,9.578059071729957408e-01
2.550561797752808890e-01,9.618644067796610075e-01
2.539325842696629199e-01,9.617021276595744128e-01
2.528089887640449507e-01,9.615384615384615641e-01
2.516853932584269815e-01,9.613733905579399108e-01
2.505617977528090123e-01,9.612068965517240882e-01
2.494382022471910154e-01,9.610389610389610260e-01
2.483146067415730462e-01,9.608695652173913082e-01
2.471910112359550493e-01,9.606986899563318971e-01
2.471910112359550493e-01,9.649122807017543879e-01
2.460674157303370801e-01,9.647577092511012697e-01
2.449438202247191110e-01,9.646017699115043698e-01
2.438202247191011141e-01,9.644444444444444375e-01
2.426966292134831449e-01,9.642857142857143016e-01
2.415730337078651757e-01,9.641255605381165994e-01
2.404494382022471788e-01,9.639639639639639990e-01
2.393258426966292096e-01,9.638009049773755832e-01
2.382022471910112404e-01,9.636363636363636243e-01
2.370786516853932713e-01,9.634703196347031984e-01
2.359550561797752743e-01,9.633027522935779796e-01
2.348314606741573052e-01,9.631336405529954403e-01
2.337078651685393360e-01,9.629629629629629095e-01
2.337078651685393360e-01,9.674418604651162656e-01
2.325842696629213391e-01,9.672897196261682762e-01
2.314606741573033699e-01,9.671361502347417538e-01
2.303370786516854007e-01,9.669811320754716499e-01
2.280898876404494346e-01,9.666666666666666741e-01
2.258426966292134963e-01,9.663461538461538547e-01
2.247191011235954994e-01,9.661835748792270140e-01
2.235955056179775302e-01,9.660194174757281704e-01
2.224719101123595610e-01,9.658536585365853355e-01
2.213483146067415641e-01,9.656862745098039325e-01
2.202247191011235949e-01,9.655172413793103869e-01
2.191011235955056258e-01,9.653465346534653158e-01
2.179775280898876288e-01,9.651741293532338783e-01
2.179775280898876288e-01,9.699999999999999734e-01
2.168539325842696597e-01,9.698492462311557594e-01
2.157303370786516905e-01,9.696969696969697239e-01
2.146067415730337213e-01,9.695431472081218471e-01
2.134831460674157244e-01,9.693877551020407823e-01
2.134831460674157244e-01,9.743589743589743390e-01
2.123595505617977552e-01,9.742268041237113207e-01
2.112359550561797861e-01,9.740932642487046822e-01
2.101123595505617891e-01,9.739583333333333703e-01
2.089887640449438200e-01,9.738219895287958394e-01
2.078651685393258508e-01,9.736842105263158187e-01
2.056179775280898847e-01,9.734042553191489811e-01
2.044943820224719155e-01,9.732620320855615015e-01
2.033707865168539464e-01,9.731182795698924970e-01
2.022471910112359494e-01,9.729729729729730270e-01
2.011235955056179803e-01,9.728260869565217295e-01
2.000000000000000111e-01,9.726775956284152702e-01
1.988764044943820142e-01,9.725274725274725141e-01
1.977528089887640450e-01,9.723756906077347661e-01
1.966292134831460758e-01,9.722222222222222099e-01
1.955056179775280789e-01,9.720670391061452253e-01
1.943820224719101097e-01,9.719101123595506042e-01
1.932584269662921406e-01,9.717514124293785693e-01
1.921348314606741436e-01,9.715909090909090606e-01
1.910112359550561745e-01,9.714285714285714191e-01
1.898876404494382053e-01,9.712643678160919336e-01
1.887640449438202361e-01,9.710982658959537162e-01
1.876404494382022392e-01,9.709302325581394832e-01
1.865168539325842700e-01,9.707602339181286011e-01
1.853932584269663009e-01,9.705882352941176405e-01
1.842696629213483039e-01,9.704142011834319126e-01
1.831460674157303348e-01,9.702380952380952328e-01
1.820224719101123656e-01,9.700598802395209441e-01
1.808988764044943687e-01,9.698795180722891152e-01
1.797752808988763995e-01,9.696969696969697239e-01
1.786516853932584303e-01,9.695121951219511924e-01
1.775280898876404612e-01,9.693251533742330839e-01
1.764044943820224642e-01,9.691358024691357764e-01
1.752808988764044951e-01,9.689440993788820400e-01
1.741573033707865259e-01,9.687500000000000000e-01
1.730337078651685290e-01,9.685534591194968623e-01
1.719101123595505598e-01,9.683544303797468888e-01
1.707865168539325906e-01,9.681528662420382236e-01
1.696629213483145937e-01,9.679487179487179516e-01
1.685393258426966245e-01,9.677419354838709964e-01
1.674157303370786554e-01,9.675324675324675772e-01
1.662921348314606862e-01,9.673202614379085018e-01
1.651685393258426893e-01,9.671052631578946901e-01
1.640449438202247201e-01,9.668874172185430993e-01
1.629213483146067509e-01,9.666666666666666741e-01
1.617977528089887540e-01,9.664429530201342766e-01
1.606741573033707848e-01,9.662162162162162282e-01
1.595505617977528157e-01,9.659863945578230915e-01
1.584269662921348187e-01,9.657534246575342207e-01
1.573033707865168496e-01,9.655172413793103869e-01
1.561797752808988804e-01,9.652777777777777901e-01
1.550561797752809112e-01,9.650349650349649977e-01
1.539325842696629143e-01,9.647887323943662441e-01
1.528089887640449451e-01,9.645390070921985304e-01
1.516853932584269760e-01,9.642857142857143016e-01
1.505617977528089790e-01,9.640287769784172678e-01
1.494382022471910099e-01,9.637681159420289356e-01
1.483146067415730407e-01,9.635036496350365409e-01
1.471910112359550438e-01,9.632352941176470784e-01
1.460674157303370746e-01,9.629629629629629095e-01
1.449438202247191054e-01,9.626865671641791078e-01
1.438202247191011363e-01,9.624060150375939315e-01
1.426966292134831393e-01,9.621212121212121549e-01
1.415730337078651702e-01,9.618320610687023375e-01
1.404494382022472010e-01,9.615384615384615641e-01
1.393258426966292041e-01,9.612403100775194220e-01
1.382022471910112349e-01,9.609375000000000000e-01
1.370786516853932657e-01,9.606299212598424786e-01
1.359550561797752688e-01,9.603174603174603474e-01
1.348314606741572996e-01,9.599999999999999645e-01
1.337078651685393305e-01,9.596774193548387455e-01
1.325842696629213613e-01,9.593495934959349603e-01
1.314606741573033644e-01,9.590163934426229053e-01
1.303370786516853952e-01,9.586776859504132497e-01
1.292134831460674260e-01,9.583333333333333703e-01
1.280898876404494291e-01,9.579831932773109626e-01
1.269662921348314599e-01,9.576271186440677985e-01
1.258426966292134908e-01,9.572649572649573058e-01
1.247191011235955077e-01,9.568965517241379004e-01
1.235955056179775247e-01,9.565217391304348116e-01
1.224719101123595555e-01,9.561403508771929571e-01
1.213483146067415724e-01,9.557522123893805732e-01
1.202247191011235894e-01,9.553571428571429047e-01
1.191011235955056202e-01,9.549549549549549710e-01
1.179775280898876372e-01,9.545454545454545858e-01
1.168539325842696680e-01,9.541284403669725300e-01
1.157303370786516850e-01,9.537037037037037202e-01
1.146067415730337019e-01,9.532710280373831724e-01
1.134831460674157327e-01,9.528301886792452935e-01
1.134831460674157327e-01,9.619047619047619291e-01
1.123595505617977497e-01,9.615384615384615641e-01
1.123595505617977497e-01,9.708737864077670032e-01
1.112359550561797805e-01,9.705882352941176405e-01
1.101123595505617975e-01,9.702970297029702706e-01
1.089887640449438144e-01,9.699999999999999734e-01
1.078651685393258453e-01,9.696969696969697239e-01
1.067415730337078622e-01,9.693877551020407823e-01
1.056179775280898930e-01,9.690721649484536071e-01
1.044943820224719100e-01,9.687500000000000000e-01
1.033707865168539269e-01,9.684210526315789602e-01
1.022471910112359578e-01,9.680851063829787329e-01
1.011235955056179747e-01,9.677419354838709964e-01
1.000000000000000056e-01,9.673913043478260532e-01
9.887640449438202250e-02,9.670329670329670391e-01
9.775280898876403946e-02,9.666666666666666741e-01
9.662921348314607028e-02,9.662921348314607028e-01
9.662921348314607028e-02,9.772727272727272929e-01
9.550561797752808724e-02,9.770114942528735913e-01
9.438202247191011807e-02,9.767441860465115866e-01
9.325842696629213502e-02,9.764705882352940902e-01
9.213483146067415197e-02,9.761904761904761640e-01
9.101123595505618280e-02,9.759036144578313587e-01
8.988764044943819975e-02,9.756097560975609539e-01
8.876404494382023058e-02,9.753086419753086433e-01
8.764044943820224753e-02,9.749999999999999778e-01
8.651685393258426449e-02,9.746835443037974445e-01
8.539325842696629532e-02,9.743589743589743390e-01
8.426966292134831227e-02,9.740259740259740173e-01
8.314606741573034310e-02,9.736842105263158187e-01
8.202247191011236005e-02,9.733333333333333837e-01
8.089887640449437700e-02,9.729729729729730270e-01
7.977528089887640783e-02,9.726027397260273988e-01
7.865168539325842478e-02,9.722222222222222099e-01
7.752808988764045561e-02,9.718309859154929953e-01
7.640449438202247257e-02,9.714285714285714191e-01
7.528089887640448952e-02,9.710144927536231707e-01
7.415730337078652035e-02,9.705882352941176405e-01
7.303370786516853730e-02,9.701492537313433084e-01
7.191011235955056813e-02,9.696969696969697239e-01
7.078651685393258508e-02,9.692307692307692291e-01
6.966292134831460203e-02,9.687500000000000000e-01
6.853932584269663286e-02,9.682539682539682557e-01
6.741573033707864981e-02,9.677419354838709964e-01
6.629213483146068064e-02,9.672131147540983243e-01
6.516853932584269760e-02,9.666666666666666741e-01
6.404494382022471455e-02,9.661016949152542166e-01
6.292134831460674538e-02,9.655172413793103869e-01
6.179775280898876233e-02,9.649122807017543879e-01
6.067415730337078622e-02,9.642857142857143016e-01
5.955056179775281011e-02,9.636363636363636243e-01
5.842696629213483400e-02,9.629629629629629095e-01
5.730337078651685095e-02,9.622641509433962348e-01
5.617977528089887485e-02,9.615384615384615641e-01
5.617977528089887485e-02,9.803921568627450567e-01
5.505617977528089874e-02,9.799999999999999822e-01
5.393258426966292263e-02,9.795918367346938549e-01
5.280898876404494652e-02,9.791666666666666297e-01
5.168539325842696347e-02,9.787234042553191182e-01
5.056179775280898736e-02,9.782608695652174058e-01
4.943820224719101125e-02,9.777777777777777457e-01
4.831460674157303514e-02,9.772727272727272929e-01
4.719101123595505903e-02,9.767441860465115866e-01
4.606741573033707599e-02,9.761904761904761640e-01
4.494382022471909988e-02,9.756097560975609539e-01
4.382022471910112377e-02,9.749999999999999778e-01
4.269662921348314766e-02,9.743589743589743390e-01
4.269662921348314766e-02,1.000000000000000000e+00
4.157303370786517155e-02,1.000000000000000000e+00
4.044943820224718850e-02,1.000000000000000000e+00
3.932584269662921239e-02,1.000000000000000000e+00
3.820224719101123628e-02,1.000000000000000000e+00
3.707865168539326017e-02,1.000000000000000000e+00
3.595505617977528406e-02,1.000000000000000000e+00
3.483146067415730102e-02,1.000000000000000000e+00
3.370786516853932491e-02,1.000000000000000000e+00
3.258426966292134880e-02,1.000000000000000000e+00
3.146067415730337269e-02,1.000000000000000000e+00
3.033707865168539311e-02,1.000000000000000000e+00
2.921348314606741700e-02,1.000000000000000000e+00
2.808988764044943742e-02,1.000000000000000000e+00
2.696629213483146131e-02,1.000000000000000000e+00
2.584269662921348173e-02,1.000000000000000000e+00
2.471910112359550563e-02,1.000000000000000000e+00
2.359550561797752952e-02,1.000000000000000000e+00
2.247191011235954994e-02,1.000000000000000000e+00
2.134831460674157383e-02,1.000000000000000000e+00
2.022471910112359425e-02,1.000000000000000000e+00
1.910112359550561814e-02,1.000000000000000000e+00
1.797752808988764203e-02,1.000000000000000000e+00
1.685393258426966245e-02,1.000000000000000000e+00
1.573033707865168634e-02,1.000000000000000000e+00
1.460674157303370850e-02,1.000000000000000000e+00
1.348314606741573066e-02,1.000000000000000000e+00
1.235955056179775281e-02,1.000000000000000000e+00
1.123595505617977497e-02,1.000000000000000000e+00
1.011235955056179713e-02,1.000000000000000000e+00
8.988764044943821016e-03,1.000000000000000000e+00
7.865168539325843172e-03,1.000000000000000000e+00
6.741573033707865328e-03,1.000000000000000000e+00
5.617977528089887485e-03,1.000000000000000000e+00
4.494382022471910508e-03,1.000000000000000000e+00
3.370786516853932664e-03,1.000000000000000000e+00
2.247191011235955254e-03,1.000000000000000000e+00
1.123595505617977627e-03,1.000000000000000000e+00
0.000000000000000000e+00,1.000000000000000000e+00
