fpr,tpr,threshold
0.000000000000000000e+00,0.000000000000000000e+00,inf
0.000000000000000000e+00,1.123595505617977627e-03,1.000000119209289551e+00
0.000000000000000000e+00,4.269662921348314766e-02,9.936977624893188477e-01
1.464128843338213803e-03,4.269662921348314766e-02,9.936771392822265625e-01
1.464128843338213803e-03,5.617977528089887485e-02,9.931008219718933105e-01
2.928257686676427607e-03,5.617977528089887485e-02,9.930284619331359863e-01
2.928257686676427607e-03,9.662921348314607028e-02,9.898113608360290527e-01
4.392386530014641410e-03,9.662921348314607028e-02,9.895334243774414062e-01
4.392386530014641410e-03,1.123595505617977497e-01,9.886446595191955566e-01
5.856515373352855214e-03,1.123595505617977497e-01,9.886109828948974609e-01
5.856515373352855214e-03,1.134831460674157327e-01,9.883678555488586426e-01
7.320644216691069017e-03,1.134831460674157327e-01,9.882650971412658691e-01
7.320644216691069017e-03,2.056179775280898847e-01,9.817683696746826172e-01
7.320644216691069017e-03,2.078651685393258508e-01,9.812951683998107910e-01
7.320644216691069017e-03,2.134831460674157244e-01,9.811199903488159180e-01
8.784773060029282821e-03,2.134831460674157244e-01,9.811165332794189453e-01
8.784773060029282821e-03,2.179775280898876288e-01,9.808205366134643555e-01
1.024890190336749662e-02,2.179775280898876288e-01,9.807700514793395996e-01
1.024890190336749662e-02,2.258426966292134963e-01,9.802833199501037598e-01
1.024890190336749662e-02,2.303370786516854007e-01,9.801945686340332031e-01
1.024890190336749662e-02,2.337078651685393360e-01,9.801346063613891602e-01
1.171303074670571043e-02,2.337078651685393360e-01,9.800834059715270996e-01
1.171303074670571043e-02,2.471910112359550493e-01,9.794093966484069824e-01
1.317715959004392423e-02,2.471910112359550493e-01,9.791911840438842773e-01
1.317715959004392423e-02,2.550561797752808890e-01,9.789708852767944336e-01
1.464128843338213803e-02,2.550561797752808890e-01,9.788926839828491211e-01
1.464128843338213803e-02,2.764044943820224698e-01,9.779402613639831543e-01
1.610541727672035184e-02,2.764044943820224698e-01,9.779295921325683594e-01
1.610541727672035184e-02,2.853932584269662787e-01,9.774075150489807129e-01
1.756954612005856564e-02,2.853932584269662787e-01,9.774040579795837402e-01
1.756954612005856564e-02,2.887640449438202417e-01,9.772942066192626953e-01
1.903367496339677944e-02,2.887640449438202417e-01,9.772537946701049805e-01
1.903367496339677944e-02,2.932584269662921184e-01,9.770617485046386719e-01
2.049780380673499325e-02,2.932584269662921184e-01,9.770308136940002441e-01
2.049780380673499325e-02,3.067415730337078594e-01,9.766376018524169922e-01
2.196193265007320705e-02,3.067415730337078594e-01,9.766159057617187500e-01
2.196193265007320705e-02,3.078651685393258286e-01,9.764208793640136719e-01
2.342606149341142086e-02,3.078651685393258286e-01,9.763435125350952148e-01
2.342606149341142086e-02,3.123595505617977608e-01,9.761959910392761230e-01
2.489019033674963466e-02,3.123595505617977608e-01,9.761937856674194336e-01
2.489019033674963466e-02,3.157303370786516683e-01,9.760005474090576172e-01
2.635431918008784846e-02,3.157303370786516683e-01,9.759526848793029785e-01
2.635431918008784846e-02,3.179775280898876622e-01,9.758766889572143555e-01
2.928257686676427607e-02,3.179775280898876622e-01,9.756855368614196777e-01
2.928257686676427607e-02,3.292134831460674094e-01,9.748480319976806641e-01
3.074670571010248987e-02,3.292134831460674094e-01,9.748333692550659180e-01
3.074670571010248987e-02,3.426966292134831504e-01,9.740514755249023438e-01
3.513909224011713128e-02,3.426966292134831504e-01,9.739073514938354492e-01
3.513909224011713128e-02,3.438202247191011196e-01,9.737282991409301758e-01
3.660322108345534509e-02,3.438202247191011196e-01,9.736990332603454590e-01
3.660322108345534509e-02,3.471910112359550826e-01,9.735535383224487305e-01
3.806734992679355889e-02,3.471910112359550826e-01,9.734640121459960938e-01
3.806734992679355889e-02,3.516853932584269593e-01,9.732198715209960938e-01
3.953147877013177269e-02,3.516853932584269593e-01,9.730473756790161133e-01
3.953147877013177269e-02,3.528089887640449285e-01,9.729989767074584961e-01
4.099560761346998650e-02,3.528089887640449285e-01,9.729090929031372070e-01
4.099560761346998650e-02,3.539325842696628976e-01,9.729050397872924805e-01
4.245973645680820030e-02,3.539325842696628976e-01,9.728829860687255859e-01
4.245973645680820030e-02,3.561797752808988915e-01,9.726911783218383789e-01
4.392386530014641410e-02,3.561797752808988915e-01,9.726910591125488281e-01
4.392386530014641410e-02,3.595505617977527990e-01,9.724864959716796875e-01
4.685212298682284171e-02,3.595505617977527990e-01,9.723592996597290039e-01
4.685212298682284171e-02,3.606741573033707682e-01,9.723533391952514648e-01
4.831625183016105551e-02,3.606741573033707682e-01,9.720411300659179688e-01
4.831625183016105551e-02,3.629213483146067620e-01,9.719704389572143555e-01
4.978038067349926932e-02,3.629213483146067620e-01,9.718918204307556152e-01
4.978038067349926932e-02,3.764044943820224476e-01,9.711558818817138672e-01
5.124450951683748312e-02,3.764044943820224476e-01,9.710334539413452148e-01
5.124450951683748312e-02,3.932584269662921517e-01,9.700508713722229004e-01
5.270863836017569692e-02,3.932584269662921517e-01,9.700490236282348633e-01
5.270863836017569692e-02,3.943820224719101208e-01,9.699746370315551758e-01
5.417276720351391073e-02,3.943820224719101208e-01,9.698765277862548828e-01
5.417276720351391073e-02,3.955056179775280900e-01,9.698630571365356445e-01
5.563689604685212453e-02,3.955056179775280900e-01,9.697396159172058105e-01
5.563689604685212453e-02,3.988764044943819975e-01,9.694696664810180664e-01
5.710102489019033833e-02,3.988764044943819975e-01,9.692687392234802246e-01
5.710102489019033833e-02,4.000000000000000222e-01,9.691829681396484375e-01
5.856515373352855214e-02,4.000000000000000222e-01,9.691169261932373047e-01
5.856515373352855214e-02,4.089887640449438311e-01,9.684585332870483398e-01
6.002928257686676594e-02,4.089887640449438311e-01,9.684465527534484863e-01
6.002928257686676594e-02,4.247191011235955105e-01,9.673399925231933594e-01
6.295754026354319355e-02,4.247191011235955105e-01,9.673227071762084961e-01
6.295754026354319355e-02,4.280898876404494180e-01,9.670550823211669922e-01
6.442166910688140735e-02,4.280898876404494180e-01,9.670402407646179199e-01
6.442166910688140735e-02,4.471910112359550604e-01,9.659981727600097656e-01
6.734992679355783496e-02,4.471910112359550604e-01,9.658474922180175781e-01
6.734992679355783496e-02,4.584269662921348076e-01,9.647613167762756348e-01
6.881405563689604876e-02,4.584269662921348076e-01,9.647012948989868164e-01
6.881405563689604876e-02,4.595505617977528323e-01,9.646530747413635254e-01
7.027818448023426257e-02,4.595505617977528323e-01,9.644293785095214844e-01
7.027818448023426257e-02,4.629213483146067398e-01,9.642554521560668945e-01
7.174231332357247637e-02,4.629213483146067398e-01,9.641650319099426270e-01
7.174231332357247637e-02,4.685393258426966412e-01,9.635315537452697754e-01
7.320644216691069017e-02,4.685393258426966412e-01,9.634708762168884277e-01
7.320644216691069017e-02,4.741573033707865426e-01,9.628646969795227051e-01
7.467057101024890398e-02,4.741573033707865426e-01,9.628196954727172852e-01
7.467057101024890398e-02,4.831460674157303514e-01,9.624564647674560547e-01
7.613469985358711778e-02,4.831460674157303514e-01,9.624241590499877930e-01
7.613469985358711778e-02,4.898876404494382220e-01,9.622233510017395020e-01
7.759882869692533158e-02,4.898876404494382220e-01,9.621688127517700195e-01
7.759882869692533158e-02,5.056179775280899014e-01,9.610247015953063965e-01
7.906295754026354539e-02,5.056179775280899014e-01,9.610204696655273438e-01
7.906295754026354539e-02,5.089887640449438644e-01,9.609100818634033203e-01
8.052708638360175919e-02,5.089887640449438644e-01,9.607095718383789062e-01
8.052708638360175919e-02,5.157303370786516794e-01,9.602593779563903809e-01
8.199121522693997299e-02,5.157303370786516794e-01,9.602342844009399414e-01
8.199121522693997299e-02,5.191011235955056424e-01,9.601529836654663086e-01
8.345534407027818680e-02,5.191011235955056424e-01,9.600751399993896484e-01
8.345534407027818680e-02,5.224719101123596054e-01,9.599468708038330078e-01
8.491947291361640060e-02,5.224719101123596054e-01,9.598810076713562012e-01
8.491947291361640060e-02,5.258426966292134574e-01,9.596656560897827148e-01
8.638360175695461440e-02,5.258426966292134574e-01,9.595155715942382812e-01
8.638360175695461440e-02,5.280898876404493958e-01,9.594721794128417969e-01
8.784773060029282821e-02,5.280898876404493958e-01,9.592883586883544922e-01
8.784773060029282821e-02,5.348314606741573218e-01,9.590377807617187500e-01
9.077598828696925581e-02,5.348314606741573218e-01,9.589155912399291992e-01
9.077598828696925581e-02,5.393258426966291985e-01,9.585583209991455078e-01
9.224011713030746962e-02,5.393258426966291985e-01,9.585191011428833008e-01
9.224011713030746962e-02,5.516853932584269149e-01,9.578170776367187500e-01
9.370424597364568342e-02,5.516853932584269149e-01,9.576722979545593262e-01
9.370424597364568342e-02,5.528089887640449396e-01,9.576312303543090820e-01
9.516837481698389722e-02,5.528089887640449396e-01,9.575681686401367188e-01
9.516837481698389722e-02,5.539325842696629643e-01,9.575354456901550293e-01
9.809663250366032483e-02,5.539325842696629643e-01,9.574558734893798828e-01
9.809663250366032483e-02,5.640449438202247423e-01,9.565511941909790039e-01
9.956076134699853863e-02,5.640449438202247423e-01,9.563465714454650879e-01
9.956076134699853863e-02,5.662921348314606806e-01,9.561986923217773438e-01
1.010248901903367524e-01,5.662921348314606806e-01,9.561966061592102051e-01
1.010248901903367524e-01,5.741573033707865203e-01,9.556350708007812500e-01
1.024890190336749662e-01,5.741573033707865203e-01,9.554131031036376953e-01
1.024890190336749662e-01,5.786516853932583970e-01,9.548268914222717285e-01
1.039531478770131800e-01,5.786516853932583970e-01,9.548076391220092773e-01
1.039531478770131800e-01,5.876404494382022614e-01,9.539446830749511719e-01
1.083455344070278215e-01,5.876404494382022614e-01,9.536802768707275391e-01
1.083455344070278215e-01,5.932584269662921628e-01,9.533126354217529297e-01
1.098096632503660353e-01,5.932584269662921628e-01,9.531998038291931152e-01
1.098096632503660353e-01,5.966292134831460148e-01,9.531468749046325684e-01
1.112737920937042491e-01,5.966292134831460148e-01,9.530560374259948730e-01
1.112737920937042491e-01,5.977528089887640395e-01,9.527781009674072266e-01
1.142020497803806767e-01,5.977528089887640395e-01,9.524067640304565430e-01
1.142020497803806767e-01,6.022471910112359161e-01,9.522864818572998047e-01
1.156661786237188905e-01,6.022471910112359161e-01,9.522848129272460938e-01
1.156661786237188905e-01,6.044943820224719655e-01,9.518136978149414062e-01
1.171303074670571043e-01,6.044943820224719655e-01,9.517158269882202148e-01
1.171303074670571043e-01,6.089887640449438422e-01,9.516533613204956055e-01
1.185944363103953181e-01,6.089887640449438422e-01,9.516294002532958984e-01
1.185944363103953181e-01,6.123595505617978052e-01,9.512462615966796875e-01
1.200585651537335319e-01,6.123595505617978052e-01,9.511769413948059082e-01
1.200585651537335319e-01,6.134831460674157189e-01,9.511388540267944336e-01
1.215226939970717457e-01,6.134831460674157189e-01,9.510267376899719238e-01
1.215226939970717457e-01,6.235955056179774969e-01,9.502011537551879883e-01
1.229868228404099595e-01,6.235955056179774969e-01,9.501594305038452148e-01
1.229868228404099595e-01,6.292134831460673983e-01,9.496787190437316895e-01
1.244509516837481733e-01,6.292134831460673983e-01,9.496665596961975098e-01
1.244509516837481733e-01,6.303370786516854229e-01,9.496350288391113281e-01
1.273792093704246009e-01,6.303370786516854229e-01,9.495320916175842285e-01
1.273792093704246009e-01,6.348314606741572996e-01,9.492585659027099609e-01
1.288433382137628147e-01,6.348314606741572996e-01,9.492579698562622070e-01
1.288433382137628147e-01,6.393258426966291763e-01,9.489206075668334961e-01
1.303074670571010285e-01,6.393258426966291763e-01,9.488854408264160156e-01
1.303074670571010285e-01,6.404494382022472010e-01,9.488755464553833008e-01
1.317715959004392423e-01,6.404494382022472010e-01,9.487185478210449219e-01
1.317715959004392423e-01,6.415730337078651146e-01,9.485879540443420410e-01
1.332357247437774561e-01,6.415730337078651146e-01,9.485284090042114258e-01
1.332357247437774561e-01,6.438202247191011640e-01,9.485089182853698730e-01
1.346998535871156699e-01,6.438202247191011640e-01,9.484798908233642578e-01
1.346998535871156699e-01,6.471910112359550160e-01,9.482190012931823730e-01
1.361639824304538837e-01,6.471910112359550160e-01,9.481916427612304688e-01
1.361639824304538837e-01,6.483146067415730407e-01,9.481468200683593750e-01
1.390922401171303113e-01,6.483146067415730407e-01,9.477588534355163574e-01
1.390922401171303113e-01,6.516853932584270037e-01,9.475439786911010742e-01
1.420204978038067389e-01,6.516853932584270037e-01,9.474463462829589844e-01
1.420204978038067389e-01,6.539325842696629421e-01,9.472894668579101562e-01
1.464128843338213803e-01,6.539325842696629421e-01,9.470819830894470215e-01
1.464128843338213803e-01,6.584269662921348187e-01,9.467557668685913086e-01
1.478770131771595941e-01,6.584269662921348187e-01,9.466723203659057617e-01
1.478770131771595941e-01,6.606741573033707571e-01,9.466210603713989258e-01
1.522693997071742356e-01,6.606741573033707571e-01,9.464257359504699707e-01
1.522693997071742356e-01,6.640449438202247201e-01,9.463344812393188477e-01
1.537335285505124494e-01,6.640449438202247201e-01,9.463262557983398438e-01
1.537335285505124494e-01,6.662921348314606584e-01,9.462114572525024414e-01
1.551976573938506632e-01,6.662921348314606584e-01,9.461541175842285156e-01
1.551976573938506632e-01,6.674157303370786831e-01,9.461425542831420898e-01
1.566617862371888770e-01,6.674157303370786831e-01,9.460034370422363281e-01
1.566617862371888770e-01,6.752808988764045228e-01,9.452749490737915039e-01
1.581259150805270908e-01,6.752808988764045228e-01,9.451400041580200195e-01
1.581259150805270908e-01,6.786516853932583748e-01,9.448670148849487305e-01
1.595900439238653046e-01,6.786516853932583748e-01,9.447500705718994141e-01
1.595900439238653046e-01,6.831460674157303625e-01,9.445013999938964844e-01
1.610541727672035184e-01,6.831460674157303625e-01,9.440514445304870605e-01
1.610541727672035184e-01,6.932584269662921406e-01,9.432826042175292969e-01
1.625183016105417322e-01,6.932584269662921406e-01,9.428604841232299805e-01
1.625183016105417322e-01,6.943820224719101653e-01,9.428598284721374512e-01
1.639824304538799460e-01,6.943820224719101653e-01,9.428052902221679688e-01
1.639824304538799460e-01,6.977528089887640173e-01,9.424238801002502441e-01
1.669106881405563736e-01,6.977528089887640173e-01,9.423094987869262695e-01
1.669106881405563736e-01,6.988764044943820419e-01,9.422481060028076172e-01
1.683748169838945874e-01,6.988764044943820419e-01,9.422205686569213867e-01
1.683748169838945874e-01,6.999999999999999556e-01,9.420702457427978516e-01
1.698389458272328012e-01,6.999999999999999556e-01,9.420192241668701172e-01
1.698389458272328012e-01,7.022471910112360050e-01,9.419669508934020996e-01
1.713030746705710150e-01,7.022471910112360050e-01,9.419604539871215820e-01
1.713030746705710150e-01,7.067415730337078816e-01,9.416290521621704102e-01
1.727672035139092288e-01,7.067415730337078816e-01,9.414778947830200195e-01
1.727672035139092288e-01,7.112359550561797583e-01,9.409139156341552734e-01
1.742313323572474426e-01,7.112359550561797583e-01,9.408988952636718750e-01
1.742313323572474426e-01,7.157303370786516350e-01,9.407429099082946777e-01
1.756954612005856564e-01,7.157303370786516350e-01,9.404502511024475098e-01
1.756954612005856564e-01,7.168539325842696597e-01,9.404429197311401367e-01
1.771595900439238702e-01,7.168539325842696597e-01,9.403828382492065430e-01
1.771595900439238702e-01,7.213483146067415364e-01,9.401673078536987305e-01
1.800878477306002978e-01,7.213483146067415364e-01,9.400372505187988281e-01
1.800878477306002978e-01,7.269662921348314377e-01,9.385716915130615234e-01
1.815519765739385116e-01,7.269662921348314377e-01,9.381299018859863281e-01
1.815519765739385116e-01,7.303370786516854007e-01,9.378678798675537109e-01
1.830161054172767254e-01,7.303370786516854007e-01,9.377901554107666016e-01
1.830161054172767254e-01,7.348314606741572774e-01,9.375578761100769043e-01
1.844802342606149392e-01,7.348314606741572774e-01,9.375104904174804688e-01
1.844802342606149392e-01,7.359550561797753021e-01,9.374525547027587891e-01
1.888726207906295806e-01,7.359550561797753021e-01,9.369392991065979004e-01
1.888726207906295806e-01,7.415730337078652035e-01,9.363285303115844727e-01
1.903367496339677944e-01,7.415730337078652035e-01,9.362370967864990234e-01
1.903367496339677944e-01,7.438202247191011418e-01,9.360887408256530762e-01
1.918008784773060083e-01,7.438202247191011418e-01,9.359759092330932617e-01
1.918008784773060083e-01,7.449438202247190555e-01,9.359690546989440918e-01
1.947291361639824359e-01,7.449438202247190555e-01,9.356893897056579590e-01
1.947291361639824359e-01,7.460674157303370801e-01,9.356331825256347656e-01
1.961932650073206497e-01,7.460674157303370801e-01,9.351713657379150391e-01
1.961932650073206497e-01,7.494382022471910432e-01,9.345643520355224609e-01
1.976573938506588635e-01,7.494382022471910432e-01,9.342563152313232422e-01
1.976573938506588635e-01,7.528089887640448952e-01,9.341022372245788574e-01
1.991215226939970773e-01,7.528089887640448952e-01,9.338958859443664551e-01
1.991215226939970773e-01,7.539325842696629199e-01,9.338476657867431641e-01
2.005856515373352911e-01,7.539325842696629199e-01,9.338176250457763672e-01
2.005856515373352911e-01,7.550561797752809445e-01,9.336732625961303711e-01
2.020497803806735049e-01,7.550561797752809445e-01,9.336587190628051758e-01
2.020497803806735049e-01,7.573033707865168829e-01,9.334464669227600098e-01
2.049780380673499325e-01,7.573033707865168829e-01,9.333895444869995117e-01
2.049780380673499325e-01,7.584269662921347965e-01,9.329548478126525879e-01
2.152269399707174291e-01,7.584269662921347965e-01,9.320570230484008789e-01
2.152269399707174291e-01,7.595505617977528212e-01,9.320424795150756836e-01
2.196193265007320705e-01,7.595505617977528212e-01,9.317880868911743164e-01
2.196193265007320705e-01,7.606741573033707349e-01,9.316758513450622559e-01
2.225475841874084981e-01,7.606741573033707349e-01,9.314469099044799805e-01
2.225475841874084981e-01,7.629213483146067842e-01,9.312828183174133301e-01
2.240117130307467119e-01,7.629213483146067842e-01,9.311149120330810547e-01
2.240117130307467119e-01,7.696629213483145993e-01,9.304190874099731445e-01
2.254758418740849257e-01,7.696629213483145993e-01,9.304109215736389160e-01
2.254758418740849257e-01,7.730337078651685623e-01,9.300910234451293945e-01
2.269399707174231395e-01,7.730337078651685623e-01,9.299981594085693359e-01
2.269399707174231395e-01,7.775280898876404390e-01,9.298040270805358887e-01
2.284040995607613533e-01,7.775280898876404390e-01,9.297656416893005371e-01
2.284040995607613533e-01,7.786516853932584636e-01,9.297648668289184570e-01
2.327964860907759947e-01,7.786516853932584636e-01,9.295834898948669434e-01
2.327964860907759947e-01,7.797752808988763773e-01,9.295440912246704102e-01
2.342606149341142086e-01,7.797752808988763773e-01,9.294006824493408203e-01
2.342606149341142086e-01,7.808988764044944020e-01,9.292337894439697266e-01
2.386530014641288500e-01,7.808988764044944020e-01,9.288378953933715820e-01
2.386530014641288500e-01,7.932584269662921184e-01,9.269221425056457520e-01
2.401171303074670638e-01,7.932584269662921184e-01,9.268307685852050781e-01
2.401171303074670638e-01,7.943820224719101430e-01,9.266169071197509766e-01
2.445095168374817052e-01,7.943820224719101430e-01,9.260861873626708984e-01
2.445095168374817052e-01,7.966292134831460814e-01,9.257841110229492188e-01
2.474377745241581328e-01,7.966292134831460814e-01,9.250762462615966797e-01
2.474377745241581328e-01,7.977528089887639950e-01,9.247740507125854492e-01
2.503660322108345326e-01,7.977528089887639950e-01,9.247632026672363281e-01
2.503660322108345326e-01,8.000000000000000444e-01,9.242317676544189453e-01
2.518301610541727742e-01,8.000000000000000444e-01,9.242298603057861328e-01
2.518301610541727742e-01,8.033707865168538964e-01,9.240566492080688477e-01
2.576866764275256294e-01,8.033707865168538964e-01,9.237711429595947266e-01
2.576866764275256294e-01,8.044943820224719211e-01,9.237328767776489258e-01
2.606149341142020570e-01,8.044943820224719211e-01,9.236397743225097656e-01
2.606149341142020570e-01,8.056179775280898347e-01,9.235550165176391602e-01
2.635431918008784846e-01,8.056179775280898347e-01,9.228079915046691895e-01
2.635431918008784846e-01,8.089887640449437978e-01,9.221003651618957520e-01
2.650073206442166707e-01,8.089887640449437978e-01,9.220888018608093262e-01
2.650073206442166707e-01,8.101123595505618225e-01,9.218342304229736328e-01
2.679355783308930983e-01,8.101123595505618225e-01,9.217009544372558594e-01
2.679355783308930983e-01,8.123595505617977608e-01,9.212311506271362305e-01
2.693997071742313398e-01,8.123595505617977608e-01,9.209059476852416992e-01
2.693997071742313398e-01,8.168539325842696375e-01,9.205672740936279297e-01
2.708638360175695259e-01,8.168539325842696375e-01,9.202178716659545898e-01
2.708638360175695259e-01,8.179775280898876622e-01,9.201799631118774414e-01
2.723279648609077674e-01,8.179775280898876622e-01,9.199655055999755859e-01
2.723279648609077674e-01,8.269662921348314155e-01,9.191139936447143555e-01
2.752562225475841950e-01,8.269662921348314155e-01,9.188124537467956543e-01
2.752562225475841950e-01,8.359550561797752799e-01,9.176044464111328125e-01
2.781844802342606227e-01,8.359550561797752799e-01,9.175120592117309570e-01
2.781844802342606227e-01,8.382022471910112182e-01,9.171234965324401855e-01
2.811127379209370503e-01,8.382022471910112182e-01,9.168938994407653809e-01
2.811127379209370503e-01,8.415730337078651813e-01,9.167073965072631836e-01
2.840409956076134779e-01,8.415730337078651813e-01,9.163618683815002441e-01
2.840409956076134779e-01,8.426966292134830949e-01,9.163321256637573242e-01
2.855051244509516639e-01,8.426966292134830949e-01,9.160495400428771973e-01
2.855051244509516639e-01,8.438202247191011196e-01,9.156900644302368164e-01
2.884333821376280915e-01,8.438202247191011196e-01,9.156154394149780273e-01
2.884333821376280915e-01,8.460674157303370579e-01,9.153655171394348145e-01
2.898975109809663331e-01,8.460674157303370579e-01,9.152462482452392578e-01
2.898975109809663331e-01,8.471910112359550826e-01,9.151740670204162598e-01
2.913616398243045191e-01,8.471910112359550826e-01,9.151306152343750000e-01
2.913616398243045191e-01,8.494382022471910210e-01,9.147936105728149414e-01
2.942898975109809467e-01,8.494382022471910210e-01,9.145910739898681641e-01
2.942898975109809467e-01,8.505617977528089346e-01,9.145153760910034180e-01
2.957540263543191883e-01,8.505617977528089346e-01,9.142628908157348633e-01
2.957540263543191883e-01,8.528089887640449840e-01,9.128684997558593750e-01
2.972181551976573743e-01,8.528089887640449840e-01,9.128234386444091797e-01
2.972181551976573743e-01,8.539325842696628976e-01,9.125682115554809570e-01
3.001464128843338020e-01,8.539325842696628976e-01,9.124630689620971680e-01
3.001464128843338020e-01,8.561797752808988360e-01,9.119418859481811523e-01
3.016105417276720435e-01,8.561797752808988360e-01,9.113827943801879883e-01
3.016105417276720435e-01,8.573033707865168607e-01,9.107917547225952148e-01
3.045387994143484711e-01,8.573033707865168607e-01,9.106472730636596680e-01
3.045387994143484711e-01,8.584269662921348854e-01,9.105959534645080566e-01
3.089311859443630848e-01,8.584269662921348854e-01,9.101550579071044922e-01
3.089311859443630848e-01,8.595505617977527990e-01,9.099106788635253906e-01
3.103953147877013263e-01,8.595505617977527990e-01,9.090770483016967773e-01
3.103953147877013263e-01,8.629213483146067620e-01,9.086047410964965820e-01
3.118594436310395124e-01,8.629213483146067620e-01,9.085574150085449219e-01
3.118594436310395124e-01,8.651685393258427004e-01,9.082543849945068359e-01
3.162518301610541815e-01,8.651685393258427004e-01,9.079233407974243164e-01
3.162518301610541815e-01,8.662921348314607251e-01,9.074933528900146484e-01
3.191800878477306092e-01,8.662921348314607251e-01,9.072901010513305664e-01
3.191800878477306092e-01,8.674157303370786387e-01,9.071136713027954102e-01
3.250366032210834644e-01,8.674157303370786387e-01,9.064503908157348633e-01
3.250366032210834644e-01,8.719101123595505154e-01,9.057936668395996094e-01
3.265007320644216504e-01,8.719101123595505154e-01,9.056273102760314941e-01
3.265007320644216504e-01,8.730337078651685401e-01,9.053698182106018066e-01
3.308931185944363196e-01,8.730337078651685401e-01,9.048629999160766602e-01
3.308931185944363196e-01,8.741573033707865648e-01,9.048165082931518555e-01
3.323572474377745056e-01,8.741573033707865648e-01,9.045257568359375000e-01
3.323572474377745056e-01,8.786516853932584414e-01,9.031851291656494141e-01
3.338213762811127472e-01,8.786516853932584414e-01,9.030258059501647949e-01
3.338213762811127472e-01,8.820224719101124045e-01,9.028446674346923828e-01
3.396778916544656024e-01,8.820224719101124045e-01,9.020519256591796875e-01
3.396778916544656024e-01,8.831460674157303181e-01,9.020322561264038086e-01
3.455344070278184576e-01,8.831460674157303181e-01,9.014071226119995117e-01
3.455344070278184576e-01,8.876404494382021948e-01,9.006050825119018555e-01
3.616398243045387817e-01,8.876404494382021948e-01,8.984836339950561523e-01
3.616398243045387817e-01,8.898876404494382442e-01,8.982512354850769043e-01
3.631039531478770233e-01,8.898876404494382442e-01,8.980927467346191406e-01
3.631039531478770233e-01,8.910112359550561578e-01,8.979721069335937500e-01
3.660322108345534509e-01,8.910112359550561578e-01,8.975675106048583984e-01
3.660322108345534509e-01,8.921348314606741825e-01,8.974563479423522949e-01
3.674963396778916369e-01,8.921348314606741825e-01,8.971849083900451660e-01
3.674963396778916369e-01,8.932584269662920962e-01,8.967467546463012695e-01
3.689604685212298785e-01,8.932584269662920962e-01,8.966672420501708984e-01
3.689604685212298785e-01,8.955056179775280345e-01,8.964216113090515137e-01
3.718887262079063061e-01,8.955056179775280345e-01,8.963641524314880371e-01
3.718887262079063061e-01,8.966292134831460592e-01,8.960137367248535156e-01
3.748169838945827337e-01,8.966292134831460592e-01,8.952828049659729004e-01
3.748169838945827337e-01,8.977528089887640839e-01,8.950217366218566895e-01
3.762811127379209197e-01,8.977528089887640839e-01,8.949239253997802734e-01
3.762811127379209197e-01,9.000000000000000222e-01,8.946945667266845703e-01
3.821376281112737749e-01,9.000000000000000222e-01,8.942010402679443359e-01
3.821376281112737749e-01,9.022471910112359605e-01,8.940471410751342773e-01
3.836017569546120165e-01,9.022471910112359605e-01,8.939927220344543457e-01
3.836017569546120165e-01,9.044943820224718989e-01,8.937526941299438477e-01
3.850658857979502026e-01,9.044943820224718989e-01,8.935079574584960938e-01
3.850658857979502026e-01,9.067415730337078372e-01,8.932713270187377930e-01
3.879941434846266302e-01,9.067415730337078372e-01,8.930222988128662109e-01
3.879941434846266302e-01,9.078651685393258619e-01,8.926963806152343750e-01
3.923865300146412993e-01,9.078651685393258619e-01,8.923178911209106445e-01
3.923865300146412993e-01,9.089887640449437756e-01,8.922520279884338379e-01
3.938506588579794854e-01,9.089887640449437756e-01,8.918083906173706055e-01
3.938506588579794854e-01,9.134831460674157633e-01,8.910884857177734375e-01
4.011713030746705821e-01,9.134831460674157633e-01,8.890081644058227539e-01
4.011713030746705821e-01,9.168539325842696153e-01,8.878532052040100098e-01
4.026354319180087682e-01,9.168539325842696153e-01,8.876253962516784668e-01
4.026354319180087682e-01,9.179775280898876400e-01,8.875758647918701172e-01
4.055636896046851958e-01,9.179775280898876400e-01,8.867183923721313477e-01
4.055636896046851958e-01,9.191011235955056646e-01,8.866043686866760254e-01
4.099560761346998650e-01,9.191011235955056646e-01,8.856787085533142090e-01
4.099560761346998650e-01,9.213483146067416030e-01,8.845088481903076172e-01
4.128843338213762926e-01,9.213483146067416030e-01,8.842086791992187500e-01
4.128843338213762926e-01,9.224719101123595166e-01,8.841852545738220215e-01
4.143484626647144786e-01,9.224719101123595166e-01,8.832856416702270508e-01
4.143484626647144786e-01,9.235955056179775413e-01,8.831138014793395996e-01
4.158125915080527202e-01,9.235955056179775413e-01,8.826893568038940430e-01
4.158125915080527202e-01,9.247191011235954550e-01,8.826098442077636719e-01
4.172767203513909062e-01,9.247191011235954550e-01,8.824573755264282227e-01
4.172767203513909062e-01,9.258426966292134797e-01,8.823399543762207031e-01
4.231332357247437614e-01,9.258426966292134797e-01,8.815304040908813477e-01
4.231332357247437614e-01,9.280898876404494180e-01,8.808565735816955566e-01
4.245973645680820030e-01,9.280898876404494180e-01,8.797333240509033203e-01
4.245973645680820030e-01,9.303370786516853563e-01,8.793202042579650879e-01
4.260614934114201890e-01,9.303370786516853563e-01,8.792955875396728516e-01
4.260614934114201890e-01,9.314606741573033810e-01,8.788972496986389160e-01
4.275256222547584306e-01,9.314606741573033810e-01,8.784350752830505371e-01
4.275256222547584306e-01,9.325842696629212947e-01,8.783324956893920898e-01
4.319180087847730443e-01,9.325842696629212947e-01,8.774535059928894043e-01
4.319180087847730443e-01,9.359550561797752577e-01,8.764905929565429688e-01
4.333821376281112858e-01,9.359550561797752577e-01,8.763043880462646484e-01
4.333821376281112858e-01,9.382022471910111960e-01,8.756822943687438965e-01
4.377745241581258995e-01,9.382022471910111960e-01,8.749905228614807129e-01
4.377745241581258995e-01,9.393258426966292207e-01,8.746145367622375488e-01
4.436310395314787547e-01,9.393258426966292207e-01,8.715752363204956055e-01
4.436310395314787547e-01,9.404494382022472454e-01,8.715322017669677734e-01
4.465592972181551823e-01,9.404494382022472454e-01,8.702959418296813965e-01
4.465592972181551823e-01,9.426966292134831837e-01,8.695899248123168945e-01
4.494875549048316099e-01,9.426966292134831837e-01,8.679789304733276367e-01
4.494875549048316099e-01,9.438202247191010974e-01,8.674024939537048340e-01
4.509516837481698515e-01,9.438202247191010974e-01,8.672490119934082031e-01
4.509516837481698515e-01,9.449438202247191221e-01,8.672066926956176758e-01
4.538799414348462791e-01,9.449438202247191221e-01,8.667758703231811523e-01
4.538799414348462791e-01,9.471910112359550604e-01,8.662071824073791504e-01
4.568081991215227067e-01,9.471910112359550604e-01,8.656263351440429688e-01
4.568081991215227067e-01,9.483146067415730851e-01,8.654829263687133789e-01
4.582723279648608927e-01,9.483146067415730851e-01,8.650248050689697266e-01
4.582723279648608927e-01,9.494382022471909988e-01,8.647785782814025879e-01
4.597364568081991343e-01,9.494382022471909988e-01,8.645420074462890625e-01
4.597364568081991343e-01,9.505617977528090234e-01,8.644734621047973633e-01
4.655929721815519895e-01,9.505617977528090234e-01,8.617783784866333008e-01
4.655929721815519895e-01,9.528089887640449618e-01,8.609988689422607422e-01
4.685212298682284171e-01,9.528089887640449618e-01,8.604340553283691406e-01
4.685212298682284171e-01,9.539325842696628754e-01,8.598603010177612305e-01
4.699853587115666032e-01,9.539325842696628754e-01,8.598204255104064941e-01
4.699853587115666032e-01,9.550561797752809001e-01,8.586355447769165039e-01
4.729136163982430308e-01,9.550561797752809001e-01,8.585008382797241211e-01
4.729136163982430308e-01,9.561797752808989248e-01,8.582412004470825195e-01
4.758418740849194584e-01,9.561797752808989248e-01,8.579023480415344238e-01
4.758418740849194584e-01,9.584269662921348631e-01,8.575956821441650391e-01
4.787701317715958860e-01,9.584269662921348631e-01,8.565584421157836914e-01
4.787701317715958860e-01,9.595505617977527768e-01,8.562555313110351562e-01
4.816983894582723136e-01,9.595505617977527768e-01,8.561623096466064453e-01
4.816983894582723136e-01,9.606741573033708015e-01,8.557564020156860352e-01
4.831625183016105551e-01,9.606741573033708015e-01,8.555831909179687500e-01
4.831625183016105551e-01,9.640449438202247645e-01,8.539427518844604492e-01
4.934114202049780240e-01,9.640449438202247645e-01,8.510483503341674805e-01
4.934114202049780240e-01,9.651685393258426782e-01,8.503979444503784180e-01
4.963396778916544516e-01,9.651685393258426782e-01,8.499926328659057617e-01
4.963396778916544516e-01,9.662921348314607028e-01,8.495914936065673828e-01
4.978038067349926932e-01,9.662921348314607028e-01,8.493359088897705078e-01
4.978038067349926932e-01,9.674157303370786165e-01,8.489157557487487793e-01
4.992679355783308792e-01,9.674157303370786165e-01,8.488187193870544434e-01
4.992679355783308792e-01,9.685393258426966412e-01,8.487940430641174316e-01
5.021961932650073068e-01,9.685393258426966412e-01,8.468272686004638672e-01
5.021961932650073068e-01,9.707865168539325795e-01,8.461368083953857422e-01
5.095168374816984036e-01,9.707865168539325795e-01,8.440293073654174805e-01
5.095168374816984036e-01,9.719101123595506042e-01,8.433960676193237305e-01
5.168374816983895004e-01,9.719101123595506042e-01,8.420644998550415039e-01
5.168374816983895004e-01,9.730337078651685179e-01,8.420327901840209961e-01
5.212298682284041140e-01,9.730337078651685179e-01,8.406308293342590332e-01
5.212298682284041140e-01,9.752808988764044562e-01,8.395334482192993164e-01
5.226939970717423556e-01,9.752808988764044562e-01,8.392053246498107910e-01
5.226939970717423556e-01,9.764044943820224809e-01,8.391941785812377930e-01
5.417276720351390518e-01,9.764044943820224809e-01,8.320149183273315430e-01
5.417276720351390518e-01,9.786516853932584192e-01,8.306791782379150391e-01
5.534407027818447622e-01,9.786516853932584192e-01,8.248881101608276367e-01
5.534407027818447622e-01,9.797752808988764439e-01,8.247028589248657227e-01
5.549048316251830038e-01,9.797752808988764439e-01,8.247004747390747070e-01
5.549048316251830038e-01,9.808988764044943576e-01,8.238666057586669922e-01
5.607613469985358590e-01,9.808988764044943576e-01,8.228855133056640625e-01
5.607613469985358590e-01,9.831460674157302959e-01,8.224702477455139160e-01
5.739385065885798110e-01,9.831460674157302959e-01,8.149268627166748047e-01
5.739385065885798110e-01,9.842696629213483206e-01,8.147842884063720703e-01
5.768667642752561830e-01,9.842696629213483206e-01,8.138471841812133789e-01
5.768667642752561830e-01,9.865168539325842589e-01,8.123650550842285156e-01
5.900439238653001350e-01,9.865168539325842589e-01,8.050953149795532227e-01
5.900439238653001350e-01,9.876404494382022836e-01,8.028439283370971680e-01
6.120058565153733143e-01,9.876404494382022836e-01,7.909792661666870117e-01
6.120058565153733143e-01,9.887640449438201973e-01,7.907163500785827637e-01
6.134699853587115559e-01,9.887640449438201973e-01,7.902686595916748047e-01
6.134699853587115559e-01,9.910112359550561356e-01,7.884014844894409180e-01
6.281112737920937494e-01,9.910112359550561356e-01,7.766659259796142578e-01
6.281112737920937494e-01,9.921348314606741603e-01,7.753896713256835938e-01
8.374816983894582956e-01,9.921348314606741603e-01,4.788350164890289307e-01
8.374816983894582956e-01,9.932584269662921850e-01,4.786987006664276123e-01
8.389458272327965371e-01,9.932584269662921850e-01,4.777343869209289551e-01
8.389458272327965371e-01,9.943820224719100986e-01,4.769851565361022949e-01
8.462664714494875229e-01,9.943820224719100986e-01,4.761823415756225586e-01
8.462664714494875229e-01,9.955056179775281233e-01,4.747872650623321533e-01
8.491947291361640060e-01,9.955056179775281233e-01,4.731553792953491211e-01
8.491947291361640060e-01,9.966292134831460370e-01,4.729745090007781982e-01
8.623718887262079580e-01,9.966292134831460370e-01,4.681351780891418457e-01
8.623718887262079580e-01,9.977528089887640617e-01,4.679468870162963867e-01
8.726207906295754269e-01,9.977528089887640617e-01,4.637456536293029785e-01
8.726207906295754269e-01,1.000000000000000000e+00,4.631034135818481445e-01
1.000000000000000000e+00,1.000000000000000000e+00,1.812546104192733765e-01
